season,round,race,driver,team,fp_gap,fp_long,fp_sessions,fp_laps
2022,1,Bahrain Grand Prix,ALB,Williams,1.8367,5.0000,3,27
2022,1,Bahrain Grand Prix,ALO,Alpine,0.8568,3.5516,3,31
2022,1,Bahrain Grand Prix,BOT,Alfa Romeo,1.1040,0.0000,2,33
2022,1,Bahrain Grand Prix,GAS,AlphaTauri,0.0000,0.6286,3,42
2022,1,Bahrain Grand Prix,HAM,Mercedes,0.6235,3.9086,3,30
2022,1,Bahrain Grand Prix,HUL,Aston Martin,1.5420,5.0000,3,45
2022,1,Bahrain Grand Prix,LAT,Williams,1.5405,5.0000,3,30
2022,1,Bahrain Grand Prix,LEC,Ferrari,0.0946,0.0000,3,26
2022,1,Bahrain Grand Prix,MAG,Haas F1 Team,0.9649,3.3333,3,34
2022,1,Bahrain Grand Prix,MSC,Haas F1 Team,1.2498,3.4323,3,43
2022,1,Bahrain Grand Prix,NOR,McLaren,1.4619,2.5000,3,48
2022,1,Bahrain Grand Prix,OCO,Alpine,1.0171,5.0000,3,31
2022,1,Bahrain Grand Prix,PER,Red Bull Racing,0.2669,3.7663,3,36
2022,1,Bahrain Grand Prix,RIC,McLaren,1.9818,1.9917,3,37
2022,1,Bahrain Grand Prix,RUS,Mercedes,0.4225,5.0000,3,37
2022,1,Bahrain Grand Prix,SAI,Ferrari,0.4438,2.7726,3,34
2022,1,Bahrain Grand Prix,STR,Aston Martin,0.6593,4.6053,3,39
2022,1,Bahrain Grand Prix,TSU,AlphaTauri,0.8865,4.3734,2,26
2022,1,Bahrain Grand Prix,VER,Red Bull Racing,0.0000,2.5757,3,33
2022,1,Bahrain Grand Prix,ZHO,Alfa Romeo,0.9130,1.5859,3,41
2022,2,Saudi Arabian Grand Prix,ALB,Williams,1.8265,1.2700,3,44
2022,2,Saudi Arabian Grand Prix,ALO,Alpine,0.6252,2.4517,3,43
2022,2,Saudi Arabian Grand Prix,BOT,Alfa Romeo,0.3287,5.0000,3,31
2022,2,Saudi Arabian Grand Prix,GAS,AlphaTauri,0.4602,2.5322,3,45
2022,2,Saudi Arabian Grand Prix,HAM,Mercedes,0.4874,5.0000,3,40
2022,2,Saudi Arabian Grand Prix,HUL,Aston Martin,1.7108,2.6336,3,41
2022,2,Saudi Arabian Grand Prix,LAT,Williams,1.9317,3.2096,3,43
2022,2,Saudi Arabian Grand Prix,LEC,Ferrari,0.0000,0.2936,3,30
2022,2,Saudi Arabian Grand Prix,MAG,Haas F1 Team,0.5873,2.6601,2,20
2022,2,Saudi Arabian Grand Prix,MSC,Haas F1 Team,1.1478,1.7959,3,42
2022,2,Saudi Arabian Grand Prix,NOR,McLaren,0.7338,3.7720,3,40
2022,2,Saudi Arabian Grand Prix,OCO,Alpine,0.4502,2.8568,3,45
2022,2,Saudi Arabian Grand Prix,PER,Red Bull Racing,0.1092,4.0786,3,37
2022,2,Saudi Arabian Grand Prix,RIC,McLaren,1.6131,1.2285,3,39
2022,2,Saudi Arabian Grand Prix,RUS,Mercedes,0.6550,4.5161,3,43
2022,2,Saudi Arabian Grand Prix,SAI,Ferrari,0.2731,2.0321,3,31
2022,2,Saudi Arabian Grand Prix,STR,Aston Martin,1.4410,4.4019,3,36
2022,2,Saudi Arabian Grand Prix,TSU,AlphaTauri,0.7578,1.1943,3,46
2022,2,Saudi Arabian Grand Prix,VER,Red Bull Racing,0.0368,2.5000,3,35
2022,2,Saudi Arabian Grand Prix,ZHO,Alfa Romeo,1.3495,1.1334,3,44
2022,3,Australian Grand Prix,ALB,Williams,2.3269,4.0336,3,44
2022,3,Australian Grand Prix,ALO,Alpine,0.1997,3.3568,3,33
2022,3,Australian Grand Prix,BOT,Alfa Romeo,1.1262,2.5360,3,36
2022,3,Australian Grand Prix,GAS,AlphaTauri,1.2842,1.6478,3,43
2022,3,Australian Grand Prix,HAM,Mercedes,0.9846,3.1951,3,43
2022,3,Australian Grand Prix,LAT,Williams,2.4432,4.8250,3,39
2022,3,Australian Grand Prix,LEC,Ferrari,0.0000,0.0000,3,35
2022,3,Australian Grand Prix,MAG,Haas F1 Team,2.4116,0.3441,3,31
2022,3,Australian Grand Prix,MSC,Haas F1 Team,1.9907,2.4842,3,29
2022,3,Australian Grand Prix,NOR,McLaren,0.0000,3.4738,3,33
2022,3,Australian Grand Prix,OCO,Alpine,1.0940,0.6972,3,40
2022,3,Australian Grand Prix,PER,Red Bull Racing,0.1871,2.1991,3,30
2022,3,Australian Grand Prix,RIC,McLaren,0.7280,0.8896,3,37
2022,3,Australian Grand Prix,RUS,Mercedes,1.2374,3.7114,3,43
2022,3,Australian Grand Prix,SAI,Ferrari,0.0000,2.5391,3,33
2022,3,Australian Grand Prix,STR,Aston Martin,2.0677,2.3427,3,37
2022,3,Australian Grand Prix,TSU,AlphaTauri,1.2058,1.7657,3,48
2022,3,Australian Grand Prix,VER,Red Bull Racing,0.3102,2.7720,3,37
2022,3,Australian Grand Prix,VET,Aston Martin,2.3244,2.8876,1,12
2022,3,Australian Grand Prix,ZHO,Alfa Romeo,2.1727,2.3322,3,32
2022,4,Emilia Romagna Grand Prix,ALB,Williams,5.0000,,1,8
2022,4,Emilia Romagna Grand Prix,ALO,Alpine,4.2035,,1,7
2022,4,Emilia Romagna Grand Prix,BOT,Alfa Romeo,5.0000,,1,5
2022,4,Emilia Romagna Grand Prix,GAS,AlphaTauri,5.0000,3.4138,1,10
2022,4,Emilia Romagna Grand Prix,HAM,Mercedes,5.0000,,1,7
2022,4,Emilia Romagna Grand Prix,LAT,Williams,5.0000,,1,6
2022,4,Emilia Romagna Grand Prix,LEC,Ferrari,0.0000,0.0000,1,12
2022,4,Emilia Romagna Grand Prix,MAG,Haas F1 Team,3.3970,0.2332,1,11
2022,4,Emilia Romagna Grand Prix,MSC,Haas F1 Team,4.0111,1.3938,1,12
2022,4,Emilia Romagna Grand Prix,NOR,McLaren,5.0000,,1,5
2022,4,Emilia Romagna Grand Prix,OCO,Alpine,5.0000,1.3892,1,7
2022,4,Emilia Romagna Grand Prix,PER,Red Bull Racing,4.0379,5.0000,1,8
2022,4,Emilia Romagna Grand Prix,RIC,McLaren,5.0000,,1,6
2022,4,Emilia Romagna Grand Prix,RUS,Mercedes,5.0000,,1,10
2022,4,Emilia Romagna Grand Prix,SAI,Ferrari,0.9810,0.8164,1,12
2022,4,Emilia Romagna Grand Prix,STR,Aston Martin,5.0000,5.0000,1,8
2022,4,Emilia Romagna Grand Prix,TSU,AlphaTauri,4.7079,3.6634,1,10
2022,4,Emilia Romagna Grand Prix,VER,Red Bull Racing,1.6387,0.5151,1,8
2022,4,Emilia Romagna Grand Prix,VET,Aston Martin,4.4328,3.1228,1,11
2022,4,Emilia Romagna Grand Prix,ZHO,Alfa Romeo,5.0000,4.2271,1,12
2022,5,Miami Grand Prix,ALB,Williams,0.8299,5.0000,3,27
2022,5,Miami Grand Prix,ALO,Alpine,0.4826,1.5467,3,42
2022,5,Miami Grand Prix,BOT,Alfa Romeo,1.7508,4.5066,2,25
2022,5,Miami Grand Prix,GAS,AlphaTauri,0.4391,2.7951,3,41
2022,5,Miami Grand Prix,HAM,Mercedes,0.9418,2.9888,3,30
2022,5,Miami Grand Prix,LAT,Williams,2.2945,5.0000,3,34
2022,5,Miami Grand Prix,LEC,Ferrari,0.0000,0.0000,3,36
2022,5,Miami Grand Prix,MAG,Haas F1 Team,1.0221,3.9236,3,37
2022,5,Miami Grand Prix,MSC,Haas F1 Team,0.8261,1.6667,3,36
2022,5,Miami Grand Prix,NOR,McLaren,0.6638,2.5819,3,36
2022,5,Miami Grand Prix,OCO,Alpine,1.0263,0.4155,2,32
2022,5,Miami Grand Prix,PER,Red Bull Racing,0.0000,1.5671,3,35
2022,5,Miami Grand Prix,RIC,McLaren,1.5769,3.1959,3,32
2022,5,Miami Grand Prix,RUS,Mercedes,0.0000,2.5064,3,35
2022,5,Miami Grand Prix,SAI,Ferrari,0.4720,5.0000,3,29
2022,5,Miami Grand Prix,STR,Aston Martin,1.5071,4.1842,3,35
2022,5,Miami Grand Prix,TSU,AlphaTauri,1.4699,3.3333,3,48
2022,5,Miami Grand Prix,VER,Red Bull Racing,0.1965,0.0000,2,20
2022,5,Miami Grand Prix,VET,Aston Martin,0.8250,3.4947,3,39
2022,5,Miami Grand Prix,ZHO,Alfa Romeo,1.0252,2.1646,3,40
2022,6,Spanish Grand Prix,ALB,Williams,2.2564,0.0000,2,26
2022,6,Spanish Grand Prix,ALO,Alpine,0.6690,3.0893,3,46
2022,6,Spanish Grand Prix,BOT,Alfa Romeo,1.2649,2.3123,3,30
2022,6,Spanish Grand Prix,DEV,Williams,3.8733,5.0000,1,20
2022,6,Spanish Grand Prix,GAS,AlphaTauri,1.5652,3.6751,2,34
2022,6,Spanish Grand Prix,HAM,Mercedes,0.2561,1.9156,3,36
2022,6,Spanish Grand Prix,KUB,Alfa Romeo,2.6895,0.0693,1,14
2022,6,Spanish Grand Prix,LAT,Williams,3.3182,2.5000,3,44
2022,6,Spanish Grand Prix,LEC,Ferrari,0.0000,1.8798,3,49
2022,6,Spanish Grand Prix,MAG,Haas F1 Team,1.0956,3.3333,3,37
2022,6,Spanish Grand Prix,MSC,Haas F1 Team,1.3644,3.6597,3,34
2022,6,Spanish Grand Prix,NOR,McLaren,0.7910,1.8181,3,27
2022,6,Spanish Grand Prix,OCO,Alpine,1.3493,1.0480,3,46
2022,6,Spanish Grand Prix,PER,Red Bull Racing,0.6117,5.0000,2,25
2022,6,Spanish Grand Prix,RIC,McLaren,1.4266,2.6658,3,34
2022,6,Spanish Grand Prix,RUS,Mercedes,0.1469,2.8134,3,36
2022,6,Spanish Grand Prix,SAI,Ferrari,0.0990,1.9981,3,52
2022,6,Spanish Grand Prix,STR,Aston Martin,1.9819,1.6489,3,44
2022,6,Spanish Grand Prix,TSU,AlphaTauri,2.0271,4.4526,3,59
2022,6,Spanish Grand Prix,VER,Red Bull Racing,0.0903,1.0644,3,39
2022,6,Spanish Grand Prix,VET,Aston Martin,1.2966,2.2205,3,45
2022,6,Spanish Grand Prix,VIP,Red Bull Racing,5.0000,5.0000,1,12
2022,6,Spanish Grand Prix,ZHO,Alfa Romeo,1.7914,5.0000,2,26
2022,7,Monaco Grand Prix,ALB,Williams,1.9400,2.3906,3,61
2022,7,Monaco Grand Prix,ALO,Alpine,1.5302,1.8216,3,53
2022,7,Monaco Grand Prix,BOT,Alfa Romeo,1.8944,3.6970,2,36
2022,7,Monaco Grand Prix,GAS,AlphaTauri,0.6879,2.9709,3,55
2022,7,Monaco Grand Prix,HAM,Mercedes,1.2404,2.5924,3,53
2022,7,Monaco Grand Prix,LAT,Williams,3.3584,4.4329,3,51
2022,7,Monaco Grand Prix,LEC,Ferrari,0.0000,2.5000,3,47
2022,7,Monaco Grand Prix,MAG,Haas F1 Team,1.3246,2.4076,3,54
2022,7,Monaco Grand Prix,MSC,Haas F1 Team,1.8641,3.8565,3,44
2022,7,Monaco Grand Prix,NOR,McLaren,0.6517,0.5287,3,43
2022,7,Monaco Grand Prix,OCO,Alpine,2.3401,3.8490,3,57
2022,7,Monaco Grand Prix,PER,Red Bull Racing,0.0000,3.4231,3,55
2022,7,Monaco Grand Prix,RIC,McLaren,0.7872,4.9067,2,42
2022,7,Monaco Grand Prix,RUS,Mercedes,0.8596,3.3333,3,59
2022,7,Monaco Grand Prix,SAI,Ferrari,0.0606,5.0000,3,49
2022,7,Monaco Grand Prix,STR,Aston Martin,1.2995,2.2450,3,43
2022,7,Monaco Grand Prix,TSU,AlphaTauri,1.2954,3.9167,3,61
2022,7,Monaco Grand Prix,VER,Red Bull Racing,0.1904,5.0000,3,61
2022,7,Monaco Grand Prix,VET,Aston Martin,1.0956,1.1443,3,55
2022,7,Monaco Grand Prix,ZHO,Alfa Romeo,2.4769,2.0835,3,52
2022,8,Azerbaijan Grand Prix,ALB,Williams,2.2381,,3,23
2022,8,Azerbaijan Grand Prix,ALO,Alpine,0.8893,4.0829,3,26
2022,8,Azerbaijan Grand Prix,BOT,Alfa Romeo,2.3301,3.5314,3,30
2022,8,Azerbaijan Grand Prix,GAS,AlphaTauri,1.2837,0.7684,3,40
2022,8,Azerbaijan Grand Prix,HAM,Mercedes,1.1292,3.0450,3,34
2022,8,Azerbaijan Grand Prix,LAT,Williams,2.8109,4.4455,3,25
2022,8,Azerbaijan Grand Prix,LEC,Ferrari,0.0000,0.0000,3,24
2022,8,Azerbaijan Grand Prix,MAG,Haas F1 Team,1.6953,3.3520,3,33
2022,8,Azerbaijan Grand Prix,MSC,Haas F1 Team,2.2894,2.9490,3,21
2022,8,Azerbaijan Grand Prix,NOR,McLaren,1.2097,2.0852,3,25
2022,8,Azerbaijan Grand Prix,OCO,Alpine,1.3417,1.0141,3,29
2022,8,Azerbaijan Grand Prix,PER,Red Bull Racing,0.0000,,3,23
2022,8,Azerbaijan Grand Prix,RIC,McLaren,1.2659,,3,34
2022,8,Azerbaijan Grand Prix,RUS,Mercedes,1.1652,2.3531,3,34
2022,8,Azerbaijan Grand Prix,SAI,Ferrari,0.4129,2.7092,3,24
2022,8,Azerbaijan Grand Prix,STR,Aston Martin,1.6565,2.8199,3,32
2022,8,Azerbaijan Grand Prix,TSU,AlphaTauri,1.1567,0.7954,3,34
2022,8,Azerbaijan Grand Prix,VER,Red Bull Racing,0.2704,0.0000,3,23
2022,8,Azerbaijan Grand Prix,VET,Aston Martin,1.6944,2.0838,3,28
2022,8,Azerbaijan Grand Prix,ZHO,Alfa Romeo,1.6894,1.1575,3,31
2022,9,Canadian Grand Prix,ALB,Williams,1.5301,3.4800,3,52
2022,9,Canadian Grand Prix,ALO,Alpine,0.0000,0.0000,3,52
2022,9,Canadian Grand Prix,BOT,Alfa Romeo,1.2575,0.5712,2,25
2022,9,Canadian Grand Prix,GAS,AlphaTauri,0.0565,2.0078,3,59
2022,9,Canadian Grand Prix,HAM,Mercedes,0.9567,3.2512,3,35
2022,9,Canadian Grand Prix,LAT,Williams,2.7715,4.0780,3,49
2022,9,Canadian Grand Prix,LEC,Ferrari,0.1093,3.0245,2,47
2022,9,Canadian Grand Prix,MAG,Haas F1 Team,1.8509,1.2925,3,59
2022,9,Canadian Grand Prix,MSC,Haas F1 Team,1.8738,4.8137,3,57
2022,9,Canadian Grand Prix,NOR,McLaren,0.4391,2.6551,3,38
2022,9,Canadian Grand Prix,OCO,Alpine,0.1780,1.5371,3,50
2022,9,Canadian Grand Prix,PER,Red Bull Racing,0.6134,2.9589,3,49
2022,9,Canadian Grand Prix,RIC,McLaren,0.2920,1.7492,3,48
2022,9,Canadian Grand Prix,RUS,Mercedes,0.8835,1.1607,3,48
2022,9,Canadian Grand Prix,SAI,Ferrari,0.3035,2.1139,3,52
2022,9,Canadian Grand Prix,STR,Aston Martin,0.9567,2.3195,3,58
2022,9,Canadian Grand Prix,TSU,AlphaTauri,1.5487,2.3330,3,64
2022,9,Canadian Grand Prix,VER,Red Bull Racing,0.0000,0.0000,3,45
2022,9,Canadian Grand Prix,VET,Aston Martin,0.0586,2.9000,3,59
2022,9,Canadian Grand Prix,ZHO,Alfa Romeo,1.8873,4.2089,3,50
2022,10,British Grand Prix,ALB,Williams,1.4852,5.0000,2,25
2022,10,British Grand Prix,ALO,Alpine,0.8466,3.2181,2,27
2022,10,British Grand Prix,BOT,Alfa Romeo,0.0000,1.2823,3,36
2022,10,British Grand Prix,GAS,AlphaTauri,1.7629,2.7578,2,40
2022,10,British Grand Prix,HAM,Mercedes,0.1833,0.7366,3,34
2022,10,British Grand Prix,LAT,Williams,2.6804,3.6074,2,29
2022,10,British Grand Prix,LEC,Ferrari,0.5085,0.0000,3,29
2022,10,British Grand Prix,MAG,Haas F1 Team,1.7292,1.7562,3,30
2022,10,British Grand Prix,MSC,Haas F1 Team,1.6098,0.0000,3,32
2022,10,British Grand Prix,NOR,McLaren,0.1979,1.5864,2,33
2022,10,British Grand Prix,OCO,Alpine,1.4571,2.7777,2,26
2022,10,British Grand Prix,PER,Red Bull Racing,0.4664,5.0000,2,19
2022,10,British Grand Prix,RIC,McLaren,1.0794,1.9473,2,29
2022,10,British Grand Prix,RUS,Mercedes,0.5973,3.0964,2,34
2022,10,British Grand Prix,SAI,Ferrari,0.0000,3.1032,3,29
2022,10,British Grand Prix,STR,Aston Martin,1.1243,2.3518,3,25
2022,10,British Grand Prix,TSU,AlphaTauri,1.5696,2.6774,3,41
2022,10,British Grand Prix,VER,Red Bull Racing,0.0000,2.5000,2,22
2022,10,British Grand Prix,VET,Aston Martin,1.2536,3.1975,3,27
2022,10,British Grand Prix,ZHO,Alfa Romeo,1.4942,1.9162,3,32
2022,11,Austrian Grand Prix,ALB,Williams,1.9306,3.2672,1,22
2022,11,Austrian Grand Prix,ALO,Alpine,1.2036,2.5853,1,22
2022,11,Austrian Grand Prix,BOT,Alfa Romeo,1.8401,2.6952,1,19
2022,11,Austrian Grand Prix,GAS,AlphaTauri,1.9456,3.4906,1,24
2022,11,Austrian Grand Prix,HAM,Mercedes,0.9155,3.4569,1,23
2022,11,Austrian Grand Prix,LAT,Williams,2.7857,5.0000,1,18
2022,11,Austrian Grand Prix,LEC,Ferrari,0.3846,3.7791,1,20
2022,11,Austrian Grand Prix,MAG,Haas F1 Team,1.0000,0.0000,1,23
2022,11,Austrian Grand Prix,MSC,Haas F1 Team,1.4238,2.8065,1,22
2022,11,Austrian Grand Prix,NOR,McLaren,5.0000,4.1497,1,10
2022,11,Austrian Grand Prix,OCO,Alpine,1.7496,2.2191,1,17
2022,11,Austrian Grand Prix,PER,Red Bull Racing,0.8099,5.0000,1,19
2022,11,Austrian Grand Prix,RIC,McLaren,2.1734,,1,14
2022,11,Austrian Grand Prix,RUS,Mercedes,0.6033,0.0000,1,22
2022,11,Austrian Grand Prix,SAI,Ferrari,1.1116,3.7000,1,17
2022,11,Austrian Grand Prix,STR,Aston Martin,1.7028,5.0000,1,18
2022,11,Austrian Grand Prix,TSU,AlphaTauri,1.4992,0.2563,1,27
2022,11,Austrian Grand Prix,VER,Red Bull Racing,0.0000,1.6621,1,26
2022,11,Austrian Grand Prix,VET,Aston Martin,1.7707,4.5591,1,16
2022,11,Austrian Grand Prix,ZHO,Alfa Romeo,2.3936,4.0252,1,20
2022,12,French Grand Prix,ALB,Williams,1.5799,4.6679,3,38
2022,12,French Grand Prix,ALO,Alpine,1.3363,1.3140,3,37
2022,12,French Grand Prix,BOT,Alfa Romeo,1.7340,5.0000,2,24
2022,12,French Grand Prix,DEV,Mercedes,1.5927,0.1923,1,15
2022,12,French Grand Prix,GAS,AlphaTauri,1.1168,1.6667,3,33
2022,12,French Grand Prix,HAM,Mercedes,1.0653,,2,20
2022,12,French Grand Prix,KUB,Alfa Romeo,2.5572,,1,7
2022,12,French Grand Prix,LAT,Williams,1.7004,1.8553,3,40
2022,12,French Grand Prix,LEC,Ferrari,0.0000,4.1303,3,32
2022,12,French Grand Prix,MAG,Haas F1 Team,1.5142,3.7407,3,43
2022,12,French Grand Prix,MSC,Haas F1 Team,2.1133,5.0000,3,26
2022,12,French Grand Prix,NOR,McLaren,1.1672,4.4628,3,27
2022,12,French Grand Prix,OCO,Alpine,2.0049,3.1528,3,35
2022,12,French Grand Prix,PER,Red Bull Racing,1.1065,3.8197,3,35
2022,12,French Grand Prix,RIC,McLaren,1.5747,2.5284,3,31
2022,12,French Grand Prix,RUS,Mercedes,0.8257,0.0000,3,30
2022,12,French Grand Prix,SAI,Ferrari,0.0000,3.0942,3,25
2022,12,French Grand Prix,STR,Aston Martin,2.0015,0.0000,3,30
2022,12,French Grand Prix,TSU,AlphaTauri,1.6029,3.2851,3,46
2022,12,French Grand Prix,VER,Red Bull Racing,0.0000,3.0162,3,29
2022,12,French Grand Prix,VET,Aston Martin,2.0451,2.6184,3,31
2022,12,French Grand Prix,ZHO,Alfa Romeo,1.7763,1.1802,3,30
2022,13,Hungarian Grand Prix,ALB,Williams,0.8879,3.0364,3,36
2022,13,Hungarian Grand Prix,ALO,Alpine,0.7700,0.9368,3,49
2022,13,Hungarian Grand Prix,BOT,Alfa Romeo,1.2314,1.0207,2,30
2022,13,Hungarian Grand Prix,GAS,AlphaTauri,1.6381,4.8488,3,43
2022,13,Hungarian Grand Prix,HAM,Mercedes,1.2190,3.3944,3,28
2022,13,Hungarian Grand Prix,KUB,Alfa Romeo,3.0844,0.7626,1,11
2022,13,Hungarian Grand Prix,LAT,Williams,0.0000,3.3590,3,45
2022,13,Hungarian Grand Prix,LEC,Ferrari,0.0000,0.0000,3,33
2022,13,Hungarian Grand Prix,MAG,Haas F1 Team,1.7503,0.9478,3,47
2022,13,Hungarian Grand Prix,MSC,Haas F1 Team,1.9632,3.0376,3,44
2022,13,Hungarian Grand Prix,NOR,McLaren,0.2766,0.0000,3,38
2022,13,Hungarian Grand Prix,OCO,Alpine,1.4902,0.6079,3,49
2022,13,Hungarian Grand Prix,PER,Red Bull Racing,1.1073,1.2865,3,31
2022,13,Hungarian Grand Prix,RIC,McLaren,0.5443,3.6294,3,41
2022,13,Hungarian Grand Prix,RUS,Mercedes,1.0870,1.0213,3,43
2022,13,Hungarian Grand Prix,SAI,Ferrari,0.0000,4.6343,3,33
2022,13,Hungarian Grand Prix,STR,Aston Martin,1.6024,5.0000,3,44
2022,13,Hungarian Grand Prix,TSU,AlphaTauri,2.4698,2.0928,3,52
2022,13,Hungarian Grand Prix,VER,Red Bull Racing,0.1651,1.8559,3,32
2022,13,Hungarian Grand Prix,VET,Aston Martin,1.0300,0.9092,3,42
2022,13,Hungarian Grand Prix,ZHO,Alfa Romeo,1.4787,1.7542,3,37
2022,14,Belgian Grand Prix,ALB,Williams,1.2174,0.4074,3,25
2022,14,Belgian Grand Prix,ALO,Alpine,0.9653,,3,24
2022,14,Belgian Grand Prix,BOT,Alfa Romeo,1.7459,,2,19
2022,14,Belgian Grand Prix,GAS,AlphaTauri,1.4822,0.0000,2,17
2022,14,Belgian Grand Prix,HAM,Mercedes,1.3137,0.4235,3,25
2022,14,Belgian Grand Prix,LAT,Williams,1.6792,0.9018,3,20
2022,14,Belgian Grand Prix,LAW,AlphaTauri,5.0000,2.1600,1,9
2022,14,Belgian Grand Prix,LEC,Ferrari,0.8170,0.0000,3,21
2022,14,Belgian Grand Prix,MAG,Haas F1 Team,1.8420,,3,15
2022,14,Belgian Grand Prix,MSC,Haas F1 Team,4.2026,0.9062,3,22
2022,14,Belgian Grand Prix,NOR,McLaren,0.8739,,3,16
2022,14,Belgian Grand Prix,OCO,Alpine,1.4793,0.7870,3,28
2022,14,Belgian Grand Prix,PER,Red Bull Racing,0.0000,0.2125,3,19
2022,14,Belgian Grand Prix,RIC,McLaren,1.4483,,3,20
2022,14,Belgian Grand Prix,RUS,Mercedes,0.8053,0.0000,3,27
2022,14,Belgian Grand Prix,SAI,Ferrari,0.0000,0.4755,3,22
2022,14,Belgian Grand Prix,STR,Aston Martin,0.8438,,3,17
2022,14,Belgian Grand Prix,TSU,AlphaTauri,1.6633,0.7374,3,28
2022,14,Belgian Grand Prix,VER,Red Bull Racing,0.0000,0.0000,3,20
2022,14,Belgian Grand Prix,VET,Aston Martin,1.0652,1.3313,3,20
2022,14,Belgian Grand Prix,ZHO,Alfa Romeo,1.9439,1.1740,3,28
2022,15,Dutch Grand Prix,ALB,Williams,1.5957,2.3870,3,46
2022,15,Dutch Grand Prix,ALO,Alpine,0.6953,0.0000,3,48
2022,15,Dutch Grand Prix,BOT,Alfa Romeo,2.4109,3.1094,3,41
2022,15,Dutch Grand Prix,GAS,AlphaTauri,1.8260,5.0000,3,43
2022,15,Dutch Grand Prix,HAM,Mercedes,0.0995,0.2121,3,40
2022,15,Dutch Grand Prix,LAT,Williams,2.7823,3.5715,3,53
2022,15,Dutch Grand Prix,LEC,Ferrari,0.0000,2.2106,3,42
2022,15,Dutch Grand Prix,MAG,Haas F1 Team,1.3597,4.5893,3,48
2022,15,Dutch Grand Prix,MSC,Haas F1 Team,1.2927,2.8909,3,46
2022,15,Dutch Grand Prix,NOR,McLaren,0.1424,1.8886,3,47
2022,15,Dutch Grand Prix,OCO,Alpine,1.3270,3.5497,3,54
2022,15,Dutch Grand Prix,PER,Red Bull Racing,0.7594,3.7669,3,51
2022,15,Dutch Grand Prix,RIC,McLaren,0.8585,3.3155,3,40
2022,15,Dutch Grand Prix,RUS,Mercedes,0.0000,0.8148,3,47
2022,15,Dutch Grand Prix,SAI,Ferrari,0.0055,3.6392,3,45
2022,15,Dutch Grand Prix,STR,Aston Martin,0.5543,1.2031,3,49
2022,15,Dutch Grand Prix,TSU,AlphaTauri,1.4846,3.3876,3,52
2022,15,Dutch Grand Prix,VER,Red Bull Racing,0.2248,2.7145,3,33
2022,15,Dutch Grand Prix,VET,Aston Martin,1.1992,3.2896,3,55
2022,15,Dutch Grand Prix,ZHO,Alfa Romeo,1.7679,4.1431,3,33
2023,18,United States Grand Prix,ALB,Williams,0.6047,3.4368,1,12
2023,18,United States Grand Prix,ALO,Aston Martin,2.0102,0.0292,1,13
2023,18,United States Grand Prix,BOT,Alfa Romeo,1.6734,4.0258,1,16
2023,18,United States Grand Prix,GAS,Alpine,0.8268,2.0290,1,12
2023,18,United States Grand Prix,HAM,Mercedes,0.2930,2.2291,1,12
2023,18,United States Grand Prix,HUL,Haas F1 Team,0.8237,4.9159,1,11
2023,18,United States Grand Prix,LEC,Ferrari,0.1626,0.0000,1,16
2023,18,United States Grand Prix,MAG,Haas F1 Team,0.5839,2.4544,1,10
2023,18,United States Grand Prix,NOR,McLaren,1.4013,0.0000,1,13
2023,18,United States Grand Prix,OCO,Alpine,1.2032,1.8381,1,12
2023,18,United States Grand Prix,PER,Red Bull Racing,0.3128,3.9578,1,13
2023,18,United States Grand Prix,PIA,McLaren,2.6149,1.5683,1,15
2023,18,United States Grand Prix,RIC,AlphaTauri,1.2929,3.6563,1,13
2023,18,United States Grand Prix,RUS,Mercedes,0.5860,0.1824,1,15
2023,18,United States Grand Prix,SAI,Ferrari,0.6475,1.3130,1,15
2023,18,United States Grand Prix,SAR,Williams,1.1208,2.5933,1,18
2023,18,United States Grand Prix,STR,Aston Martin,4.1997,,1,2
2023,18,United States Grand Prix,TSU,AlphaTauri,1.2428,3.1509,1,14
2023,18,United States Grand Prix,VER,Red Bull Racing,0.0000,3.8580,1,13
2023,18,United States Grand Prix,ZHO,Alfa Romeo,1.5702,4.6310,1,15
2023,19,Mexico City Grand Prix,ALB,Williams,0.1192,2.4441,3,43
2023,19,Mexico City Grand Prix,ALO,Aston Martin,2.0337,4.1928,3,41
2023,19,Mexico City Grand Prix,BEA,Haas F1 Team,2.0008,1.7456,1,24
2023,19,Mexico City Grand Prix,BOT,Alfa Romeo,0.3419,0.0000,2,41
2023,19,Mexico City Grand Prix,DOO,Alpine,2.9993,2.3357,1,20
2023,19,Mexico City Grand Prix,GAS,Alpine,1.2150,2.6202,2,33
2023,19,Mexico City Grand Prix,HAD,AlphaTauri,2.7886,2.4197,1,17
2023,19,Mexico City Grand Prix,HAM,Mercedes,0.4296,1.7654,3,48
2023,19,Mexico City Grand Prix,HUL,Haas F1 Team,1.0790,2.9752,3,51
2023,19,Mexico City Grand Prix,LEC,Ferrari,0.3381,1.9463,3,57
2023,19,Mexico City Grand Prix,MAG,Haas F1 Team,1.8123,5.0000,2,26
2023,19,Mexico City Grand Prix,NOR,McLaren,0.1512,0.8789,3,58
2023,19,Mexico City Grand Prix,OCO,Alpine,0.4969,1.1789,3,42
2023,19,Mexico City Grand Prix,PER,Red Bull Racing,0.1785,1.6328,3,48
2023,19,Mexico City Grand Prix,PIA,McLaren,0.6062,0.4927,3,59
2023,19,Mexico City Grand Prix,RIC,AlphaTauri,0.4016,1.6742,3,48
2023,19,Mexico City Grand Prix,RUS,Mercedes,0.4635,1.9693,2,32
2023,19,Mexico City Grand Prix,SAI,Ferrari,0.7257,2.0496,3,46
2023,19,Mexico City Grand Prix,SAR,Williams,1.5368,2.1489,3,44
2023,19,Mexico City Grand Prix,STR,Aston Martin,1.2155,2.5765,3,39
2023,19,Mexico City Grand Prix,TSU,AlphaTauri,0.7228,2.6692,2,39
2023,19,Mexico City Grand Prix,VER,Red Bull Racing,0.0000,1.3806,3,49
2023,19,Mexico City Grand Prix,VES,Mercedes,4.0380,4.9386,1,18
2023,19,Mexico City Grand Prix,ZHO,Alfa Romeo,0.9265,1.9147,3,50
2023,20,São Paulo Grand Prix,ALB,Williams,0.4350,1.0318,1,20
2023,20,São Paulo Grand Prix,ALO,Aston Martin,1.2310,1.3509,1,20
2023,20,São Paulo Grand Prix,BOT,Alfa Romeo,1.7844,1.7782,1,25
2023,20,São Paulo Grand Prix,GAS,Alpine,0.6301,1.4415,1,25
2023,20,São Paulo Grand Prix,HAM,Mercedes,1.2630,1.4030,1,22
2023,20,São Paulo Grand Prix,HUL,Haas F1 Team,0.2732,5.0000,1,9
2023,20,São Paulo Grand Prix,LEC,Ferrari,0.1506,2.4814,1,24
2023,20,São Paulo Grand Prix,MAG,Haas F1 Team,1.1989,2.6842,1,17
2023,20,São Paulo Grand Prix,NOR,McLaren,2.6446,0.8249,1,15
2023,20,São Paulo Grand Prix,OCO,Alpine,1.4596,2.0230,1,24
2023,20,São Paulo Grand Prix,PER,Red Bull Racing,1.8458,5.0000,1,25
2023,20,São Paulo Grand Prix,PIA,McLaren,2.9359,2.1055,1,19
2023,20,São Paulo Grand Prix,RIC,AlphaTauri,1.4582,2.1176,1,19
2023,20,São Paulo Grand Prix,RUS,Mercedes,0.1854,0.0000,1,22
2023,20,São Paulo Grand Prix,SAI,Ferrari,0.0000,2.5193,1,22
2023,20,São Paulo Grand Prix,SAR,Williams,1.1808,2.4692,1,22
2023,20,São Paulo Grand Prix,STR,Aston Martin,0.5632,5.0000,1,16
2023,20,São Paulo Grand Prix,TSU,AlphaTauri,1.3690,3.5091,1,21
2023,20,São Paulo Grand Prix,VER,Red Bull Racing,1.4791,0.0000,1,23
2023,20,São Paulo Grand Prix,ZHO,Alfa Romeo,1.0442,0.0000,1,19
2023,21,Las Vegas Grand Prix,ALB,Williams,0.6727,3.1539,2,37
2023,21,Las Vegas Grand Prix,ALO,Aston Martin,0.5542,1.5254,2,30
2023,21,Las Vegas Grand Prix,BOT,Alfa Romeo,0.8662,4.0713,3,34
2023,21,Las Vegas Grand Prix,GAS,Alpine,1.9619,4.7013,3,26
2023,21,Las Vegas Grand Prix,HAM,Mercedes,0.8077,1.0274,3,45
2023,21,Las Vegas Grand Prix,HUL,Haas F1 Team,1.0830,1.8005,3,25
2023,21,Las Vegas Grand Prix,LEC,Ferrari,0.0000,0.2405,3,42
2023,21,Las Vegas Grand Prix,MAG,Haas F1 Team,1.1042,3.7206,3,32
2023,21,Las Vegas Grand Prix,NOR,McLaren,1.6785,2.4928,3,26
2023,21,Las Vegas Grand Prix,OCO,Alpine,1.2796,3.2662,3,34
2023,21,Las Vegas Grand Prix,PER,Red Bull Racing,0.6515,0.7032,3,30
2023,21,Las Vegas Grand Prix,PIA,McLaren,0.4230,1.4108,2,27
2023,21,Las Vegas Grand Prix,RIC,AlphaTauri,2.5350,0.6308,3,34
2023,21,Las Vegas Grand Prix,RUS,Mercedes,0.0000,0.4598,3,38
2023,21,Las Vegas Grand Prix,SAI,Ferrari,0.5427,0.2820,3,37
2023,21,Las Vegas Grand Prix,SAR,Williams,0.5867,2.5000,2,38
2023,21,Las Vegas Grand Prix,STR,Aston Martin,1.2922,1.3113,2,35
2023,21,Las Vegas Grand Prix,TSU,AlphaTauri,2.2537,2.0724,3,34
2023,21,Las Vegas Grand Prix,VER,Red Bull Racing,0.5952,2.5000,3,31
2023,21,Las Vegas Grand Prix,ZHO,Alfa Romeo,1.9002,4.4466,3,33
2023,22,Abu Dhabi Grand Prix,ALB,Williams,0.6053,0.4268,2,17
2023,22,Abu Dhabi Grand Prix,ALO,Aston Martin,0.6933,3.1172,2,24
2023,22,Abu Dhabi Grand Prix,BEA,Haas F1 Team,1.7392,3.4962,1,13
2023,22,Abu Dhabi Grand Prix,BOT,Alfa Romeo,0.2535,2.5000,3,31
2023,22,Abu Dhabi Grand Prix,DEN,Red Bull Racing,1.3198,3.5644,1,15
2023,22,Abu Dhabi Grand Prix,DOO,Alpine,0.9213,5.0000,1,11
2023,22,Abu Dhabi Grand Prix,DRU,Aston Martin,0.3346,5.0000,1,14
2023,22,Abu Dhabi Grand Prix,GAS,Alpine,0.6037,,3,24
2023,22,Abu Dhabi Grand Prix,HAD,Red Bull Racing,1.3617,,1,8
2023,22,Abu Dhabi Grand Prix,HAM,Mercedes,0.5966,2.8106,2,22
2023,22,Abu Dhabi Grand Prix,HUL,Haas F1 Team,1.3812,0.3130,2,14
2023,22,Abu Dhabi Grand Prix,LEC,Ferrari,0.0000,0.0000,2,28
2023,22,Abu Dhabi Grand Prix,MAG,Haas F1 Team,1.4618,4.7154,3,27
2023,22,Abu Dhabi Grand Prix,NOR,McLaren,0.0507,0.1446,2,16
2023,22,Abu Dhabi Grand Prix,OCO,Alpine,0.8926,5.0000,2,16
2023,22,Abu Dhabi Grand Prix,OSU,Williams,1.6126,2.6619,1,16
2023,22,Abu Dhabi Grand Prix,OWA,McLaren,1.2106,2.5210,1,13
2023,22,Abu Dhabi Grand Prix,PER,Red Bull Racing,0.3573,2.2654,2,20
2023,22,Abu Dhabi Grand Prix,PIA,McLaren,0.4644,0.0000,3,27
2023,22,Abu Dhabi Grand Prix,POU,Alfa Romeo,1.1862,,1,12
2023,22,Abu Dhabi Grand Prix,RIC,AlphaTauri,0.4194,0.7666,3,27
2023,22,Abu Dhabi Grand Prix,RUS,Mercedes,0.0000,2.2770,3,25
2023,22,Abu Dhabi Grand Prix,SAI,Ferrari,0.7017,0.5090,3,31
2023,22,Abu Dhabi Grand Prix,SAR,Williams,0.7784,3.5121,3,32
2023,22,Abu Dhabi Grand Prix,SHW,Ferrari,0.7331,0.0000,1,16
2023,22,Abu Dhabi Grand Prix,STR,Aston Martin,0.6495,2.2707,3,34
2023,22,Abu Dhabi Grand Prix,TSU,AlphaTauri,0.7587,1.0372,3,29
2023,22,Abu Dhabi Grand Prix,VER,Red Bull Racing,0.2040,0.0000,2,18
2023,22,Abu Dhabi Grand Prix,VES,Mercedes,0.8632,5.0000,1,16
2023,22,Abu Dhabi Grand Prix,ZHO,Alfa Romeo,0.4882,3.1293,2,26
2024,1,Bahrain Grand Prix,ALB,Williams,0.7688,3.1751,3,34
2024,1,Bahrain Grand Prix,ALO,Aston Martin,0.1552,1.8965,3,36
2024,1,Bahrain Grand Prix,BOT,Kick Sauber,0.5222,1.3267,3,34
2024,1,Bahrain Grand Prix,GAS,Alpine,1.7154,2.9488,3,41
2024,1,Bahrain Grand Prix,HAM,Mercedes,0.0000,2.2349,3,38
2024,1,Bahrain Grand Prix,HUL,Haas F1 Team,0.4999,3.6268,3,43
2024,1,Bahrain Grand Prix,LEC,Ferrari,0.2973,2.4662,3,41
2024,1,Bahrain Grand Prix,MAG,Haas F1 Team,0.9326,2.0660,3,50
2024,1,Bahrain Grand Prix,NOR,McLaren,0.0345,0.1582,3,36
2024,1,Bahrain Grand Prix,OCO,Alpine,1.4313,3.2677,3,35
2024,1,Bahrain Grand Prix,PER,Red Bull Racing,0.4668,2.4421,3,37
2024,1,Bahrain Grand Prix,PIA,McLaren,0.2627,2.6201,3,41
2024,1,Bahrain Grand Prix,RIC,RB,0.0000,2.1900,3,41
2024,1,Bahrain Grand Prix,RUS,Mercedes,0.2279,2.5946,3,34
2024,1,Bahrain Grand Prix,SAI,Ferrari,0.0000,3.2437,3,37
2024,1,Bahrain Grand Prix,SAR,Williams,1.4324,1.5247,3,33
2024,1,Bahrain Grand Prix,STR,Aston Martin,0.5721,3.0632,3,40
2024,1,Bahrain Grand Prix,TSU,RB,0.3381,1.2227,3,45
2024,1,Bahrain Grand Prix,VER,Red Bull Racing,0.2620,2.0433,3,38
2024,1,Bahrain Grand Prix,ZHO,Kick Sauber,1.1349,1.9809,3,30
2024,2,Saudi Arabian Grand Prix,ALB,Williams,1.0830,0.8540,3,46
2024,2,Saudi Arabian Grand Prix,ALO,Aston Martin,0.0000,0.4370,3,48
2024,2,Saudi Arabian Grand Prix,BEA,Ferrari,1.0112,1.9790,1,15
2024,2,Saudi Arabian Grand Prix,BOT,Kick Sauber,1.2536,1.5439,3,49
2024,2,Saudi Arabian Grand Prix,GAS,Alpine,0.7892,2.8220,3,48
2024,2,Saudi Arabian Grand Prix,HAM,Mercedes,0.6435,,3,32
2024,2,Saudi Arabian Grand Prix,HUL,Haas F1 Team,1.4072,2.7849,3,35
2024,2,Saudi Arabian Grand Prix,LEC,Ferrari,0.2217,2.3103,3,34
2024,2,Saudi Arabian Grand Prix,MAG,Haas F1 Team,1.2136,3.9102,3,32
2024,2,Saudi Arabian Grand Prix,NOR,McLaren,0.6323,0.9048,3,35
2024,2,Saudi Arabian Grand Prix,OCO,Alpine,1.2091,0.5830,3,47
2024,2,Saudi Arabian Grand Prix,PER,Red Bull Racing,0.2331,4.0822,3,36
2024,2,Saudi Arabian Grand Prix,PIA,McLaren,0.8635,2.6096,3,37
2024,2,Saudi Arabian Grand Prix,RIC,RB,1.4031,3.7452,3,46
2024,2,Saudi Arabian Grand Prix,RUS,Mercedes,0.2589,5.0000,3,36
2024,2,Saudi Arabian Grand Prix,SAI,Ferrari,0.5632,3.1859,2,32
2024,2,Saudi Arabian Grand Prix,SAR,Williams,1.2462,2.7412,2,37
2024,2,Saudi Arabian Grand Prix,STR,Aston Martin,0.5730,0.1970,3,38
2024,2,Saudi Arabian Grand Prix,TSU,RB,0.9445,2.0340,3,49
2024,2,Saudi Arabian Grand Prix,VER,Red Bull Racing,0.0000,2.6481,3,42
2024,2,Saudi Arabian Grand Prix,ZHO,Kick Sauber,1.0695,0.7934,3,42
2024,3,Australian Grand Prix,ALB,Williams,1.1188,2.5555,2,21
2024,3,Australian Grand Prix,ALO,Aston Martin,0.3689,2.2016,3,41
2024,3,Australian Grand Prix,BOT,Kick Sauber,1.3531,0.6093,3,45
2024,3,Australian Grand Prix,GAS,Alpine,1.3467,1.6849,3,56
2024,3,Australian Grand Prix,HAM,Mercedes,0.1199,5.0000,3,35
2024,3,Australian Grand Prix,HUL,Haas F1 Team,1.3238,3.6325,3,41
2024,3,Australian Grand Prix,LEC,Ferrari,0.0000,2.6296,3,41
2024,3,Australian Grand Prix,MAG,Haas F1 Team,1.1774,3.3491,3,51
2024,3,Australian Grand Prix,NOR,McLaren,0.0000,2.8239,3,42
2024,3,Australian Grand Prix,OCO,Alpine,1.2690,2.0114,3,55
2024,3,Australian Grand Prix,PER,Red Bull Racing,0.0993,4.0444,3,55
2024,3,Australian Grand Prix,PIA,McLaren,0.4506,1.4119,3,46
2024,3,Australian Grand Prix,RIC,RB,0.9037,4.3216,3,51
2024,3,Australian Grand Prix,RUS,Mercedes,0.0420,4.5680,3,46
2024,3,Australian Grand Prix,SAI,Ferrari,0.1004,4.0526,3,36
2024,3,Australian Grand Prix,SAR,Williams,1.6836,3.9191,2,29
2024,3,Australian Grand Prix,STR,Aston Martin,0.1311,0.1085,3,49
2024,3,Australian Grand Prix,TSU,RB,0.0726,4.2639,3,52
2024,3,Australian Grand Prix,VER,Red Bull Racing,0.0229,4.1271,3,43
2024,3,Australian Grand Prix,ZHO,Kick Sauber,1.4804,1.6147,3,42
2024,4,Japanese Grand Prix,ALB,Williams,1.0830,0.0557,3,20
2024,4,Japanese Grand Prix,ALO,Aston Martin,0.5795,0.8672,2,30
2024,4,Japanese Grand Prix,BOT,Kick Sauber,1.0976,1.3122,3,25
2024,4,Japanese Grand Prix,GAS,Alpine,1.7619,0.1286,2,23
2024,4,Japanese Grand Prix,HAM,Mercedes,0.5289,1.1827,3,25
2024,4,Japanese Grand Prix,HUL,Haas F1 Team,1.7597,2.1062,3,22
2024,4,Japanese Grand Prix,IWA,RB,2.2730,0.0000,1,15
2024,4,Japanese Grand Prix,LEC,Ferrari,0.5574,0.9284,3,30
2024,4,Japanese Grand Prix,MAG,Haas F1 Team,2.1203,1.8065,2,27
2024,4,Japanese Grand Prix,NOR,McLaren,0.6409,0.5818,3,20
2024,4,Japanese Grand Prix,OCO,Alpine,1.6290,0.2209,3,28
2024,4,Japanese Grand Prix,PER,Red Bull Racing,0.2010,1.4874,2,25
2024,4,Japanese Grand Prix,PIA,McLaren,0.0000,1.4615,3,28
2024,4,Japanese Grand Prix,RIC,RB,1.2494,0.5504,2,17
2024,4,Japanese Grand Prix,RUS,Mercedes,0.3964,0.0000,2,22
2024,4,Japanese Grand Prix,SAI,Ferrari,0.2365,0.5203,3,33
2024,4,Japanese Grand Prix,SAR,Williams,2.1091,5.0000,2,16
2024,4,Japanese Grand Prix,STR,Aston Martin,1.9863,5.0000,2,24
2024,4,Japanese Grand Prix,TSU,RB,0.8687,5.0000,3,26
2024,4,Japanese Grand Prix,VER,Red Bull Racing,0.0000,1.9069,2,21
2024,4,Japanese Grand Prix,ZHO,Kick Sauber,1.6793,2.8690,3,20
2024,5,Chinese Grand Prix,ALB,Williams,0.9626,1.9056,1,11
2024,5,Chinese Grand Prix,ALO,Aston Martin,2.7351,1.3512,1,15
2024,5,Chinese Grand Prix,BOT,Kick Sauber,1.2752,2.6939,1,16
2024,5,Chinese Grand Prix,GAS,Alpine,3.0882,2.9769,1,13
2024,5,Chinese Grand Prix,HAM,Mercedes,2.6344,0.8174,1,12
2024,5,Chinese Grand Prix,HUL,Haas F1 Team,0.8297,0.0000,1,16
2024,5,Chinese Grand Prix,LEC,Ferrari,1.8567,0.0000,1,13
2024,5,Chinese Grand Prix,MAG,Haas F1 Team,0.8473,4.3301,1,15
2024,5,Chinese Grand Prix,NOR,McLaren,2.4174,0.7036,1,12
2024,5,Chinese Grand Prix,OCO,Alpine,0.9460,2.2780,1,14
2024,5,Chinese Grand Prix,PER,Red Bull Racing,0.4029,1.8967,1,14
2024,5,Chinese Grand Prix,PIA,McLaren,0.3396,1.7951,1,15
2024,5,Chinese Grand Prix,RIC,RB,0.9719,0.7912,1,17
2024,5,Chinese Grand Prix,RUS,Mercedes,2.6002,1.1281,1,13
2024,5,Chinese Grand Prix,SAI,Ferrari,2.0581,3.0857,1,10
2024,5,Chinese Grand Prix,SAR,Williams,2.0602,2.0363,1,14
2024,5,Chinese Grand Prix,STR,Aston Martin,0.0000,0.0000,1,15
2024,5,Chinese Grand Prix,TSU,RB,1.7694,2.2042,1,19
2024,5,Chinese Grand Prix,VER,Red Bull Racing,0.3717,1.3143,1,16
2024,5,Chinese Grand Prix,ZHO,Kick Sauber,1.3748,1.5054,1,18
2024,6,Miami Grand Prix,ALB,Williams,0.9007,0.7067,1,16
2024,6,Miami Grand Prix,ALO,Aston Martin,1.6118,1.9502,1,15
2024,6,Miami Grand Prix,BOT,Kick Sauber,1.1750,5.0000,1,12
2024,6,Miami Grand Prix,GAS,Alpine,0.6547,0.2468,1,18
2024,6,Miami Grand Prix,HAM,Mercedes,0.4707,1.4168,1,10
2024,6,Miami Grand Prix,HUL,Haas F1 Team,0.8116,2.3046,1,16
2024,6,Miami Grand Prix,LEC,Ferrari,3.9551,,1,1
2024,6,Miami Grand Prix,MAG,Haas F1 Team,0.6705,2.3079,1,15
2024,6,Miami Grand Prix,NOR,McLaren,1.0159,0.0000,1,12
2024,6,Miami Grand Prix,OCO,Alpine,0.6411,0.6472,1,15
2024,6,Miami Grand Prix,PER,Red Bull Racing,0.3081,1.8836,1,12
2024,6,Miami Grand Prix,PIA,McLaren,0.1185,,1,13
2024,6,Miami Grand Prix,RIC,RB,0.6581,0.8853,1,18
2024,6,Miami Grand Prix,RUS,Mercedes,0.2133,1.4568,1,15
2024,6,Miami Grand Prix,SAI,Ferrari,0.1309,0.3402,1,15
2024,6,Miami Grand Prix,SAR,Williams,1.4628,1.2293,1,12
2024,6,Miami Grand Prix,STR,Aston Martin,0.2506,0.0000,1,18
2024,6,Miami Grand Prix,TSU,RB,0.5203,5.0000,1,13
2024,6,Miami Grand Prix,VER,Red Bull Racing,0.0000,1.5591,1,15
2024,6,Miami Grand Prix,ZHO,Kick Sauber,0.9594,0.0000,1,14
2024,7,Emilia Romagna Grand Prix,ALB,Williams,1.2459,5.0000,3,26
2024,7,Emilia Romagna Grand Prix,ALO,Aston Martin,1.1391,5.0000,3,39
2024,7,Emilia Romagna Grand Prix,BEA,Haas F1 Team,2.1782,2.7483,1,25
2024,7,Emilia Romagna Grand Prix,BOT,Kick Sauber,1.5438,1.3418,3,39
2024,7,Emilia Romagna Grand Prix,GAS,Alpine,1.1885,3.2337,3,46
2024,7,Emilia Romagna Grand Prix,HAM,Mercedes,0.5151,0.0858,3,42
2024,7,Emilia Romagna Grand Prix,HUL,Haas F1 Team,1.2120,3.5953,3,38
2024,7,Emilia Romagna Grand Prix,LEC,Ferrari,0.0000,0.0762,3,52
2024,7,Emilia Romagna Grand Prix,MAG,Haas F1 Team,1.6112,1.8133,2,30
2024,7,Emilia Romagna Grand Prix,NOR,McLaren,0.3972,2.4630,3,36
2024,7,Emilia Romagna Grand Prix,OCO,Alpine,1.2604,2.5657,3,56
2024,7,Emilia Romagna Grand Prix,PER,Red Bull Racing,0.3156,5.0000,3,39
2024,7,Emilia Romagna Grand Prix,PIA,McLaren,0.0000,1.0116,3,40
2024,7,Emilia Romagna Grand Prix,RIC,RB,1.3978,5.0000,3,47
2024,7,Emilia Romagna Grand Prix,RUS,Mercedes,0.1351,0.2955,3,52
2024,7,Emilia Romagna Grand Prix,SAI,Ferrari,0.1689,3.1459,3,47
2024,7,Emilia Romagna Grand Prix,SAR,Williams,1.6749,2.2254,3,37
2024,7,Emilia Romagna Grand Prix,STR,Aston Martin,1.3425,3.6166,3,48
2024,7,Emilia Romagna Grand Prix,TSU,RB,0.5006,2.5000,3,52
2024,7,Emilia Romagna Grand Prix,VER,Red Bull Racing,0.3247,5.0000,3,35
2024,7,Emilia Romagna Grand Prix,ZHO,Kick Sauber,2.2396,4.2061,3,36
2024,8,Monaco Grand Prix,ALB,Williams,1.1363,1.8833,3,66
2024,8,Monaco Grand Prix,ALO,Aston Martin,0.6664,4.4852,3,59
2024,8,Monaco Grand Prix,BOT,Kick Sauber,2.3699,2.0187,2,44
2024,8,Monaco Grand Prix,GAS,Alpine,1.0859,3.8906,3,51
2024,8,Monaco Grand Prix,HAM,Mercedes,0.2638,3.4302,3,62
2024,8,Monaco Grand Prix,HUL,Haas F1 Team,1.1532,4.5695,3,62
2024,8,Monaco Grand Prix,LEC,Ferrari,0.0000,2.0757,3,65
2024,8,Monaco Grand Prix,MAG,Haas F1 Team,1.1868,2.9194,3,71
2024,8,Monaco Grand Prix,NOR,McLaren,0.8673,2.3329,3,61
2024,8,Monaco Grand Prix,OCO,Alpine,1.5455,2.6507,3,67
2024,8,Monaco Grand Prix,PER,Red Bull Racing,0.7762,3.7547,3,53
2024,8,Monaco Grand Prix,PIA,McLaren,0.0000,1.4168,3,59
2024,8,Monaco Grand Prix,RIC,RB,0.9737,3.2133,3,75
2024,8,Monaco Grand Prix,RUS,Mercedes,0.1344,4.2921,3,67
2024,8,Monaco Grand Prix,SAI,Ferrari,0.8547,2.5000,3,67
2024,8,Monaco Grand Prix,SAR,Williams,1.8692,0.6676,3,58
2024,8,Monaco Grand Prix,STR,Aston Martin,1.0999,4.3902,3,50
2024,8,Monaco Grand Prix,TSU,RB,0.8715,3.5213,3,73
2024,8,Monaco Grand Prix,VER,Red Bull Racing,0.2760,2.7977,3,64
2024,8,Monaco Grand Prix,ZHO,Kick Sauber,3.2854,4.7049,3,66
2024,9,Canadian Grand Prix,ALB,Williams,1.5394,2.8029,2,29
2024,9,Canadian Grand Prix,ALO,Aston Martin,0.0000,2.5472,2,36
2024,9,Canadian Grand Prix,BOT,Kick Sauber,0.1256,2.9749,3,36
2024,9,Canadian Grand Prix,GAS,Alpine,1.6375,1.8819,3,38
2024,9,Canadian Grand Prix,HAM,Mercedes,0.0000,3.8288,3,41
2024,9,Canadian Grand Prix,HUL,Haas F1 Team,1.6926,1.3212,2,30
2024,9,Canadian Grand Prix,LEC,Ferrari,0.0000,5.0000,3,35
2024,9,Canadian Grand Prix,MAG,Haas F1 Team,1.2268,1.7460,3,33
2024,9,Canadian Grand Prix,NOR,McLaren,1.0255,2.3260,3,36
2024,9,Canadian Grand Prix,OCO,Alpine,2.1034,1.6567,2,45
2024,9,Canadian Grand Prix,PER,Red Bull Racing,0.5688,4.4675,3,37
2024,9,Canadian Grand Prix,PIA,McLaren,0.9883,2.9187,3,35
2024,9,Canadian Grand Prix,RIC,RB,1.0062,0.9168,3,38
2024,9,Canadian Grand Prix,RUS,Mercedes,0.5624,2.5119,3,35
2024,9,Canadian Grand Prix,SAI,Ferrari,1.4073,3.2385,3,45
2024,9,Canadian Grand Prix,SAR,Williams,1.5355,1.3778,2,32
2024,9,Canadian Grand Prix,STR,Aston Martin,0.6575,0.0000,2,35
2024,9,Canadian Grand Prix,TSU,RB,1.5051,1.3747,3,35
2024,9,Canadian Grand Prix,VER,Red Bull Racing,0.5155,2.7927,3,26
2024,9,Canadian Grand Prix,ZHO,Kick Sauber,4.3226,5.0000,2,13
2024,10,Spanish Grand Prix,ALB,Williams,1.0135,4.0430,3,43
2024,10,Spanish Grand Prix,ALO,Aston Martin,1.0587,2.1721,3,48
2024,10,Spanish Grand Prix,BEA,Haas F1 Team,2.2054,1.6241,1,19
2024,10,Spanish Grand Prix,BOT,Kick Sauber,0.9009,2.3681,3,44
2024,10,Spanish Grand Prix,GAS,Alpine,0.2443,3.6056,3,37
2024,10,Spanish Grand Prix,HAM,Mercedes,0.0000,0.8453,3,46
2024,10,Spanish Grand Prix,HUL,Haas F1 Team,1.0769,5.0000,2,33
2024,10,Spanish Grand Prix,LEC,Ferrari,0.0507,0.7575,3,32
2024,10,Spanish Grand Prix,MAG,Haas F1 Team,1.0332,3.6625,3,60
2024,10,Spanish Grand Prix,NOR,McLaren,0.0000,0.6259,3,47
2024,10,Spanish Grand Prix,OCO,Alpine,0.6852,1.7471,3,55
2024,10,Spanish Grand Prix,PER,Red Bull Racing,0.6251,3.5649,3,39
2024,10,Spanish Grand Prix,PIA,McLaren,0.4886,0.4154,3,41
2024,10,Spanish Grand Prix,RIC,RB,1.3554,3.5878,3,49
2024,10,Spanish Grand Prix,RUS,Mercedes,0.2068,1.9880,3,49
2024,10,Spanish Grand Prix,SAI,Ferrari,0.0000,2.4522,3,51
2024,10,Spanish Grand Prix,SAR,Williams,2.0531,4.0561,3,41
2024,10,Spanish Grand Prix,STR,Aston Martin,1.5533,2.3914,3,47
2024,10,Spanish Grand Prix,TSU,RB,1.2926,2.2854,3,48
2024,10,Spanish Grand Prix,VER,Red Bull Racing,0.0323,1.4326,3,49
2024,10,Spanish Grand Prix,ZHO,Kick Sauber,1.4755,2.5000,3,31
2024,11,Austrian Grand Prix,ALB,Williams,1.9944,5.0000,1,16
2024,11,Austrian Grand Prix,ALO,Aston Martin,1.3976,4.3709,1,18
2024,11,Austrian Grand Prix,BOT,Kick Sauber,1.8878,0.0000,1,17
2024,11,Austrian Grand Prix,GAS,Alpine,1.5970,4.2931,1,20
2024,11,Austrian Grand Prix,HAM,Mercedes,0.8663,3.3837,1,29
2024,11,Austrian Grand Prix,HUL,Haas F1 Team,1.9502,2.9125,1,17
2024,11,Austrian Grand Prix,LEC,Ferrari,0.5633,2.1881,1,19
2024,11,Austrian Grand Prix,MAG,Haas F1 Team,2.2227,3.9807,1,21
2024,11,Austrian Grand Prix,NOR,McLaren,1.8193,0.9316,1,19
2024,11,Austrian Grand Prix,OCO,Alpine,0.9317,3.8139,1,17
2024,11,Austrian Grand Prix,PER,Red Bull Racing,1.6716,2.5350,1,14
2024,11,Austrian Grand Prix,PIA,McLaren,0.4202,3.1582,1,20
2024,11,Austrian Grand Prix,RIC,RB,1.9441,5.0000,1,21
2024,11,Austrian Grand Prix,RUS,Mercedes,1.0672,2.6628,1,20
2024,11,Austrian Grand Prix,SAI,Ferrari,0.6744,0.0000,1,19
2024,11,Austrian Grand Prix,SAR,Williams,2.3963,0.0000,1,18
2024,11,Austrian Grand Prix,STR,Aston Martin,1.0642,3.0440,1,15
2024,11,Austrian Grand Prix,TSU,RB,1.3610,5.0000,1,19
2024,11,Austrian Grand Prix,VER,Red Bull Racing,0.0000,5.0000,1,16
2024,11,Austrian Grand Prix,ZHO,Kick Sauber,1.8787,2.7582,1,17
2024,12,British Grand Prix,ALB,Williams,1.2663,2.6423,3,51
2024,12,British Grand Prix,ALO,Aston Martin,0.4278,1.6992,3,47
2024,12,British Grand Prix,BEA,Haas F1 Team,1.2766,4.1012,1,17
2024,12,British Grand Prix,BOT,Kick Sauber,0.9540,2.0984,3,38
2024,12,British Grand Prix,COL,Williams,1.8966,3.7272,1,15
2024,12,British Grand Prix,DOO,Alpine,1.5042,5.0000,1,11
2024,12,British Grand Prix,GAS,Alpine,1.3669,1.0766,1,16
2024,12,British Grand Prix,HAD,Red Bull Racing,2.1162,,1,7
2024,12,British Grand Prix,HAM,Mercedes,0.0359,2.5061,3,44
2024,12,British Grand Prix,HUL,Haas F1 Team,0.5095,2.0584,3,37
2024,12,British Grand Prix,LEC,Ferrari,0.5525,2.2635,3,50
2024,12,British Grand Prix,MAG,Haas F1 Team,1.8175,4.7429,2,23
2024,12,British Grand Prix,NOR,McLaren,0.0000,2.6653,3,48
2024,12,British Grand Prix,OCO,Alpine,0.6337,1.9233,3,41
2024,12,British Grand Prix,PER,Red Bull Racing,0.5015,3.8205,2,22
2024,12,British Grand Prix,PIA,McLaren,0.2414,0.7082,3,39
2024,12,British Grand Prix,RIC,RB,1.2091,1.0624,3,47
2024,12,British Grand Prix,RUS,Mercedes,0.0000,0.7176,3,40
2024,12,British Grand Prix,SAI,Ferrari,0.5777,1.9274,3,49
2024,12,British Grand Prix,SAR,Williams,1.4558,4.7914,2,32
2024,12,British Grand Prix,STR,Aston Martin,0.1533,0.7439,3,42
2024,12,British Grand Prix,TSU,RB,1.3819,0.9447,3,34
2024,12,British Grand Prix,VER,Red Bull Racing,0.3535,3.3750,3,37
2024,12,British Grand Prix,ZHO,Kick Sauber,1.3384,3.2016,3,43
2024,20,Mexico City Grand Prix,ALB,Williams,1.3322,5.0000,2,14
2024,20,Mexico City Grand Prix,ALO,Aston Martin,1.1326,0.0799,2,36
2024,20,Mexico City Grand Prix,ANT,Mercedes,1.5411,,1,7
2024,20,Mexico City Grand Prix,BEA,Ferrari,4.1770,,1,3
2024,20,Mexico City Grand Prix,BOT,Kick Sauber,1.0296,1.5797,3,48
2024,20,Mexico City Grand Prix,COL,Williams,1.4244,3.0081,3,43
2024,20,Mexico City Grand Prix,DRU,Aston Martin,2.3347,1.7221,1,9
2024,20,Mexico City Grand Prix,GAS,Alpine,1.5998,5.0000,3,41
2024,20,Mexico City Grand Prix,HAM,Mercedes,0.7426,,2,34
2024,20,Mexico City Grand Prix,HUL,Haas F1 Team,1.1616,0.9429,3,46
2024,20,Mexico City Grand Prix,LAW,RB,1.1081,2.6211,3,47
2024,20,Mexico City Grand Prix,LEC,Ferrari,0.2420,,2,31
2024,20,Mexico City Grand Prix,MAG,Haas F1 Team,0.6950,0.7308,3,50
2024,20,Mexico City Grand Prix,NOR,McLaren,0.0771,,2,35
2024,20,Mexico City Grand Prix,OCO,Alpine,1.2795,0.0000,3,44
2024,20,Mexico City Grand Prix,OWA,McLaren,1.6629,,1,14
2024,20,Mexico City Grand Prix,PER,Red Bull Racing,0.8919,3.2826,3,45
2024,20,Mexico City Grand Prix,PIA,McLaren,0.0000,3.3102,3,45
2024,20,Mexico City Grand Prix,RUS,Mercedes,0.0000,0.6323,3,31
2024,20,Mexico City Grand Prix,SAI,Ferrari,0.0000,0.0000,3,44
2024,20,Mexico City Grand Prix,SHW,Kick Sauber,2.5513,0.5008,1,9
2024,20,Mexico City Grand Prix,STR,Aston Martin,1.5328,0.1605,3,49
2024,20,Mexico City Grand Prix,TSU,RB,0.2304,1.9217,3,41
2024,20,Mexico City Grand Prix,VER,Red Bull Racing,0.6680,1.7469,2,21
2024,20,Mexico City Grand Prix,ZHO,Kick Sauber,1.6487,,2,33
2024,21,São Paulo Grand Prix,ALB,Williams,0.4886,1.3389,1,14
2024,21,São Paulo Grand Prix,ALO,Aston Martin,0.8568,0.9231,1,15
2024,21,São Paulo Grand Prix,BEA,Haas F1 Team,0.2762,2.3548,1,18
2024,21,São Paulo Grand Prix,BOT,Kick Sauber,1.4743,0.5452,1,19
2024,21,São Paulo Grand Prix,COL,Williams,1.4290,3.2014,1,16
2024,21,São Paulo Grand Prix,GAS,Alpine,0.8582,0.0792,1,19
2024,21,São Paulo Grand Prix,HAM,Mercedes,1.6202,1.3877,1,23
2024,21,São Paulo Grand Prix,HUL,Haas F1 Team,0.7279,1.8178,1,16
2024,21,São Paulo Grand Prix,LAW,RB,0.9786,5.0000,1,15
2024,21,São Paulo Grand Prix,LEC,Ferrari,0.6061,0.4463,1,23
2024,21,São Paulo Grand Prix,NOR,McLaren,0.0000,5.0000,1,19
2024,21,São Paulo Grand Prix,OCO,Alpine,1.7236,1.0856,1,18
2024,21,São Paulo Grand Prix,PER,Red Bull Racing,1.7490,1.9945,1,16
2024,21,São Paulo Grand Prix,PIA,McLaren,0.4815,2.1936,1,20
2024,21,São Paulo Grand Prix,RUS,Mercedes,0.2563,0.0000,1,18
2024,21,São Paulo Grand Prix,SAI,Ferrari,0.6940,0.0000,1,20
2024,21,São Paulo Grand Prix,STR,Aston Martin,1.6612,1.1310,1,17
2024,21,São Paulo Grand Prix,TSU,RB,1.2364,2.3191,1,15
2024,21,São Paulo Grand Prix,VER,Red Bull Racing,1.5607,2.6196,1,20
2024,21,São Paulo Grand Prix,ZHO,Kick Sauber,3.2191,4.2213,1,18
2024,22,Las Vegas Grand Prix,ALB,Williams,0.8945,5.0000,3,23
2024,22,Las Vegas Grand Prix,ALO,Aston Martin,1.3274,4.9255,3,35
2024,22,Las Vegas Grand Prix,BOT,Kick Sauber,1.2618,2.2033,3,35
2024,22,Las Vegas Grand Prix,COL,Williams,1.2322,1.3733,3,41
2024,22,Las Vegas Grand Prix,GAS,Alpine,0.8685,2.6864,3,40
2024,22,Las Vegas Grand Prix,HAM,Mercedes,0.0000,3.1926,3,30
2024,22,Las Vegas Grand Prix,HUL,Haas F1 Team,1.0465,4.3045,3,30
2024,22,Las Vegas Grand Prix,LAW,RB,2.1484,4.0395,3,33
2024,22,Las Vegas Grand Prix,LEC,Ferrari,0.5083,1.5521,3,33
2024,22,Las Vegas Grand Prix,MAG,Haas F1 Team,0.9058,,3,23
2024,22,Las Vegas Grand Prix,NOR,McLaren,0.0000,3.4658,3,33
2024,22,Las Vegas Grand Prix,OCO,Alpine,1.4760,1.4454,3,34
2024,22,Las Vegas Grand Prix,PER,Red Bull Racing,1.7789,3.6782,3,37
2024,22,Las Vegas Grand Prix,PIA,McLaren,0.2298,0.4263,3,35
2024,22,Las Vegas Grand Prix,RUS,Mercedes,0.0000,1.4496,3,39
2024,22,Las Vegas Grand Prix,SAI,Ferrari,0.2867,3.7355,3,36
2024,22,Las Vegas Grand Prix,STR,Aston Martin,1.5080,2.2378,3,38
2024,22,Las Vegas Grand Prix,TSU,RB,1.2373,4.5277,3,28
2024,22,Las Vegas Grand Prix,VER,Red Bull Racing,0.6060,2.8218,3,38
2024,22,Las Vegas Grand Prix,ZHO,Kick Sauber,2.0557,4.0041,3,34
2024,23,Qatar Grand Prix,ALB,Williams,1.4740,0.6764,1,18
2024,23,Qatar Grand Prix,ALO,Aston Martin,1.5545,1.5124,1,16
2024,23,Qatar Grand Prix,BOT,Kick Sauber,1.3557,0.0000,1,21
2024,23,Qatar Grand Prix,COL,Williams,2.7418,1.8270,1,19
2024,23,Qatar Grand Prix,GAS,Alpine,2.0341,1.7828,1,20
2024,23,Qatar Grand Prix,HAM,Mercedes,1.5070,2.3684,1,16
2024,23,Qatar Grand Prix,HUL,Haas F1 Team,1.5765,1.6104,1,19
2024,23,Qatar Grand Prix,LAW,RB,1.9633,3.4805,1,21
2024,23,Qatar Grand Prix,LEC,Ferrari,0.0000,0.4830,1,19
2024,23,Qatar Grand Prix,MAG,Haas F1 Team,2.1500,1.9587,1,19
2024,23,Qatar Grand Prix,NOR,McLaren,0.5186,1.7934,1,16
2024,23,Qatar Grand Prix,OCO,Alpine,2.8394,0.2456,1,13
2024,23,Qatar Grand Prix,PER,Red Bull Racing,2.5454,4.1340,1,16
2024,23,Qatar Grand Prix,PIA,McLaren,0.5759,0.0000,1,18
2024,23,Qatar Grand Prix,RUS,Mercedes,1.4728,1.8672,1,17
2024,23,Qatar Grand Prix,SAI,Ferrari,0.7102,0.0000,1,20
2024,23,Qatar Grand Prix,STR,Aston Martin,1.3984,1.3282,1,16
2024,23,Qatar Grand Prix,TSU,RB,1.3325,3.7308,1,17
2024,23,Qatar Grand Prix,VER,Red Bull Racing,1.5375,4.0720,1,16
2024,23,Qatar Grand Prix,ZHO,Kick Sauber,2.3513,4.1913,1,19
2024,24,Abu Dhabi Grand Prix,ALB,Williams,0.9004,,2,15
2024,24,Abu Dhabi Grand Prix,ALO,Aston Martin,1.2225,4.9838,3,29
2024,24,Abu Dhabi Grand Prix,BOT,Kick Sauber,0.8537,3.6648,3,32
2024,24,Abu Dhabi Grand Prix,BRO,Williams,2.7514,3.2048,1,15
2024,24,Abu Dhabi Grand Prix,COL,Williams,1.2583,4.2711,3,24
2024,24,Abu Dhabi Grand Prix,DOO,Alpine,1.1998,3.3952,3,39
2024,24,Abu Dhabi Grand Prix,DRU,Aston Martin,1.3638,1.4503,1,11
2024,24,Abu Dhabi Grand Prix,GAS,Alpine,1.1686,5.0000,3,37
2024,24,Abu Dhabi Grand Prix,HAD,Red Bull Racing,1.8453,2.3375,1,14
2024,24,Abu Dhabi Grand Prix,HAM,Mercedes,0.4674,4.1124,3,38
2024,24,Abu Dhabi Grand Prix,HIR,McLaren,1.8418,1.2580,1,9
2024,24,Abu Dhabi Grand Prix,HUL,Haas F1 Team,0.5532,3.5616,3,32
2024,24,Abu Dhabi Grand Prix,IWA,RB,2.1347,,1,6
2024,24,Abu Dhabi Grand Prix,LAW,RB,1.1806,5.0000,3,44
2024,24,Abu Dhabi Grand Prix,LEC,Ferrari,0.0000,3.3333,3,45
2024,24,Abu Dhabi Grand Prix,LEL,Ferrari,2.2035,0.6557,1,14
2024,24,Abu Dhabi Grand Prix,MAG,Haas F1 Team,0.7923,4.2040,3,36
2024,24,Abu Dhabi Grand Prix,NOR,McLaren,0.0000,4.1529,3,33
2024,24,Abu Dhabi Grand Prix,PER,Red Bull Racing,1.0188,4.5456,3,40
2024,24,Abu Dhabi Grand Prix,PIA,McLaren,0.0000,3.9896,2,22
2024,24,Abu Dhabi Grand Prix,RUS,Mercedes,0.7695,2.9002,3,38
2024,24,Abu Dhabi Grand Prix,SAI,Ferrari,0.5250,2.5000,2,29
2024,24,Abu Dhabi Grand Prix,STR,Aston Martin,1.3160,1.1935,2,29
2024,24,Abu Dhabi Grand Prix,TSU,RB,1.0907,2.7972,2,31
2024,24,Abu Dhabi Grand Prix,VER,Red Bull Racing,0.4926,4.8224,2,23
2024,24,Abu Dhabi Grand Prix,ZHO,Kick Sauber,1.2453,3.8553,3,32
2025,1,Australian Grand Prix,ALB,Williams,0.4439,2.2655,3,35
2025,1,Australian Grand Prix,ALO,Aston Martin,1.0174,1.1493,3,44
2025,1,Australian Grand Prix,ANT,Mercedes,0.3754,4.5179,3,38
2025,1,Australian Grand Prix,BEA,Haas F1 Team,2.6666,3.9482,1,8
2025,1,Australian Grand Prix,BOR,Kick Sauber,1.0353,2.5474,3,34
2025,1,Australian Grand Prix,DOO,Alpine,1.2494,0.0000,3,41
2025,1,Australian Grand Prix,GAS,Alpine,1.0511,0.8167,3,43
2025,1,Australian Grand Prix,HAD,Racing Bulls,0.7588,2.8184,3,42
2025,1,Australian Grand Prix,HAM,Ferrari,0.5495,1.6696,3,40
2025,1,Australian Grand Prix,HUL,Kick Sauber,0.9445,4.0409,3,30
2025,1,Australian Grand Prix,LAW,Red Bull Racing,1.5572,3.8455,2,33
2025,1,Australian Grand Prix,LEC,Ferrari,0.0000,1.5281,3,39
2025,1,Australian Grand Prix,NOR,McLaren,0.0000,2.3719,3,42
2025,1,Australian Grand Prix,OCO,Haas F1 Team,1.9125,4.2594,3,40
2025,1,Australian Grand Prix,PIA,McLaren,0.0000,3.6832,3,42
2025,1,Australian Grand Prix,RUS,Mercedes,0.0514,3.3822,3,40
2025,1,Australian Grand Prix,SAI,Williams,0.1929,3.3788,3,46
2025,1,Australian Grand Prix,STR,Aston Martin,1.0420,2.6395,3,44
2025,1,Australian Grand Prix,TSU,Racing Bulls,0.4513,3.9430,3,39
2025,1,Australian Grand Prix,VER,Red Bull Racing,0.1067,1.2729,3,30
2025,2,Chinese Grand Prix,ALB,Williams,1.2928,2.5556,1,14
2025,2,Chinese Grand Prix,ALO,Aston Martin,1.3792,3.2919,1,12
2025,2,Chinese Grand Prix,ANT,Mercedes,1.4972,3.0243,1,19
2025,2,Chinese Grand Prix,BEA,Haas F1 Team,1.5988,4.4739,1,16
2025,2,Chinese Grand Prix,BOR,Kick Sauber,2.5332,5.0000,1,14
2025,2,Chinese Grand Prix,DOO,Alpine,2.6436,3.7478,1,10
2025,2,Chinese Grand Prix,GAS,Alpine,1.7693,3.8216,1,12
2025,2,Chinese Grand Prix,HAD,Racing Bulls,2.0556,4.5568,1,13
2025,2,Chinese Grand Prix,HAM,Ferrari,0.7552,,1,10
2025,2,Chinese Grand Prix,HUL,Kick Sauber,1.0961,,1,12
2025,2,Chinese Grand Prix,LAW,Red Bull Racing,2.3245,4.9742,1,16
2025,2,Chinese Grand Prix,LEC,Ferrari,0.4962,0.6335,1,10
2025,2,Chinese Grand Prix,NOR,McLaren,0.0000,3.9308,1,15
2025,2,Chinese Grand Prix,OCO,Haas F1 Team,1.6961,2.2559,1,13
2025,2,Chinese Grand Prix,PIA,McLaren,0.7093,3.6231,1,15
2025,2,Chinese Grand Prix,RUS,Mercedes,0.9541,0.0000,1,15
2025,2,Chinese Grand Prix,SAI,Williams,1.7934,3.9607,1,15
2025,2,Chinese Grand Prix,STR,Aston Martin,1.6174,4.8115,1,11
2025,2,Chinese Grand Prix,TSU,Racing Bulls,1.5628,5.0000,1,14
2025,2,Chinese Grand Prix,VER,Red Bull Racing,1.9453,2.0772,1,15
2025,3,Japanese Grand Prix,ALB,Williams,0.6696,1.4525,3,30
2025,3,Japanese Grand Prix,ALO,Aston Martin,0.7600,0.2715,3,26
2025,3,Japanese Grand Prix,ANT,Mercedes,0.8300,0.6015,3,34
2025,3,Japanese Grand Prix,BEA,Haas F1 Team,1.7256,3.7066,3,19
2025,3,Japanese Grand Prix,BOR,Kick Sauber,1.3857,2.0635,3,28
2025,3,Japanese Grand Prix,DOO,Alpine,2.0485,,2,10
2025,3,Japanese Grand Prix,GAS,Alpine,0.7253,0.0469,3,27
2025,3,Japanese Grand Prix,HAD,Racing Bulls,0.4585,1.2831,3,29
2025,3,Japanese Grand Prix,HAM,Ferrari,0.4880,2.4300,3,24
2025,3,Japanese Grand Prix,HIR,Alpine,0.9543,1.7816,1,15
2025,3,Japanese Grand Prix,HUL,Kick Sauber,1.0759,1.6631,3,25
2025,3,Japanese Grand Prix,LAW,Racing Bulls,0.5050,2.8151,3,33
2025,3,Japanese Grand Prix,LEC,Ferrari,0.4698,0.0000,3,29
2025,3,Japanese Grand Prix,NOR,McLaren,0.0000,1.6465,3,29
2025,3,Japanese Grand Prix,OCO,Haas F1 Team,1.5809,2.4319,3,24
2025,3,Japanese Grand Prix,PIA,McLaren,0.0000,0.9208,3,32
2025,3,Japanese Grand Prix,RUS,Mercedes,0.1273,1.9009,3,28
2025,3,Japanese Grand Prix,SAI,Williams,0.8149,0.1869,3,30
2025,3,Japanese Grand Prix,STR,Aston Martin,1.3653,3.2011,3,28
2025,3,Japanese Grand Prix,TSU,Red Bull Racing,0.7036,0.0000,3,23
2025,3,Japanese Grand Prix,VER,Red Bull Racing,0.5827,2.4559,3,28
2025,6,Miami Grand Prix,ALB,Williams,0.9492,2.0785,1,11
2025,6,Miami Grand Prix,ALO,Aston Martin,1.2797,3.0603,1,12
2025,6,Miami Grand Prix,ANT,Mercedes,1.2614,2.8224,1,17
2025,6,Miami Grand Prix,BEA,Haas F1 Team,2.1440,3.0553,1,12
2025,6,Miami Grand Prix,BOR,Kick Sauber,1.8857,3.3105,1,11
2025,6,Miami Grand Prix,DOO,Alpine,2.5583,2.7552,1,15
2025,6,Miami Grand Prix,GAS,Alpine,2.2450,3.4012,1,15
2025,6,Miami Grand Prix,HAD,Racing Bulls,1.7698,,1,16
2025,6,Miami Grand Prix,HAM,Ferrari,1.6390,0.0000,1,9
2025,6,Miami Grand Prix,HUL,Kick Sauber,1.6585,,1,4
2025,6,Miami Grand Prix,LAW,Racing Bulls,2.5503,,1,12
2025,6,Miami Grand Prix,LEC,Ferrari,0.4086,1.3938,1,14
2025,6,Miami Grand Prix,NOR,McLaren,1.4496,1.1140,1,13
2025,6,Miami Grand Prix,OCO,Haas F1 Team,2.3540,2.8134,1,10
2025,6,Miami Grand Prix,PIA,McLaren,0.0000,1.2416,1,14
2025,6,Miami Grand Prix,RUS,Mercedes,1.0674,2.6209,1,19
2025,6,Miami Grand Prix,SAI,Williams,0.6313,2.3701,1,13
2025,6,Miami Grand Prix,STR,Aston Martin,2.5640,2.5716,1,11
2025,6,Miami Grand Prix,TSU,Red Bull Racing,2.3620,4.2319,1,10
2025,6,Miami Grand Prix,VER,Red Bull Racing,0.4935,3.1135,1,11
2025,20,Mexico City Grand Prix,ALB,Williams,1.2809,3.3126,3,56
2025,20,Mexico City Grand Prix,ALO,Aston Martin,0.7055,2.6892,3,40
2025,20,Mexico City Grand Prix,ANT,Mercedes,0.1365,1.1612,3,47
2025,20,Mexico City Grand Prix,ARO,Alpine,1.8908,0.8649,1,14
2025,20,Mexico City Grand Prix,BEA,Haas F1 Team,1.3567,3.3199,2,43
2025,20,Mexico City Grand Prix,BOR,Kick Sauber,0.6838,1.7392,3,49
2025,20,Mexico City Grand Prix,BRO,Williams,2.4624,1.9348,1,23
2025,20,Mexico City Grand Prix,COL,Alpine,1.2133,1.7858,3,43
2025,20,Mexico City Grand Prix,CRA,Aston Martin,2.5402,1.2961,1,21
2025,20,Mexico City Grand Prix,FUO,Ferrari,3.1564,1.0022,1,21
2025,20,Mexico City Grand Prix,GAS,Alpine,2.3215,3.3309,2,26
2025,20,Mexico City Grand Prix,HAD,Racing Bulls,0.9957,1.5011,3,43
2025,20,Mexico City Grand Prix,HAM,Ferrari,0.3876,2.1916,2,41
2025,20,Mexico City Grand Prix,HIR,Haas F1 Team,2.1600,2.3147,1,21
2025,20,Mexico City Grand Prix,HUL,Kick Sauber,0.4848,1.6929,3,50
2025,20,Mexico City Grand Prix,IWA,Racing Bulls,2.2621,5.0000,1,17
2025,20,Mexico City Grand Prix,LAW,Racing Bulls,1.0673,2.7087,2,27
2025,20,Mexico City Grand Prix,LEC,Ferrari,0.0000,1.5385,3,58
2025,20,Mexico City Grand Prix,LIN,Red Bull Racing,0.7872,5.0000,1,19
2025,20,Mexico City Grand Prix,NOR,McLaren,0.0000,0.7767,2,37
2025,20,Mexico City Grand Prix,OCO,Haas F1 Team,0.8395,2.5000,3,59
2025,20,Mexico City Grand Prix,OWA,McLaren,1.6586,0.0304,1,24
2025,20,Mexico City Grand Prix,PIA,McLaren,0.5154,1.4572,3,61
2025,20,Mexico City Grand Prix,RUS,Mercedes,0.5647,2.0075,2,28
2025,20,Mexico City Grand Prix,SAI,Williams,0.7068,0.0000,2,37
2025,20,Mexico City Grand Prix,STR,Aston Martin,0.7262,0.0000,2,28
2025,20,Mexico City Grand Prix,TSU,Red Bull Racing,0.6344,2.7004,3,57
2025,20,Mexico City Grand Prix,VER,Red Bull Racing,0.0000,2.0116,2,45
2025,20,Mexico City Grand Prix,VES,Mercedes,1.6701,1.6076,1,23
2025,21,São Paulo Grand Prix,ALB,Williams,1.1557,2.8870,1,26
2025,21,São Paulo Grand Prix,ALO,Aston Martin,0.8686,2.5037,1,14
2025,21,São Paulo Grand Prix,ANT,Mercedes,1.0657,2.7502,1,24
2025,21,São Paulo Grand Prix,BEA,Haas F1 Team,1.3758,1.0816,1,17
2025,21,São Paulo Grand Prix,BOR,Kick Sauber,0.8829,2.9712,1,20
2025,21,São Paulo Grand Prix,COL,Alpine,1.6600,0.7970,1,20
2025,21,São Paulo Grand Prix,GAS,Alpine,1.3172,2.7185,1,25
2025,21,São Paulo Grand Prix,HAD,Racing Bulls,1.0129,3.6819,1,19
2025,21,São Paulo Grand Prix,HAM,Ferrari,2.1829,0.0000,1,21
2025,21,São Paulo Grand Prix,HUL,Kick Sauber,0.8515,1.0484,1,20
2025,21,São Paulo Grand Prix,LAW,Racing Bulls,1.1372,3.3573,1,21
2025,21,São Paulo Grand Prix,LEC,Ferrari,2.1358,2.1811,1,22
2025,21,São Paulo Grand Prix,NOR,McLaren,0.3729,0.4296,1,20
2025,21,São Paulo Grand Prix,OCO,Haas F1 Team,1.2972,1.5954,1,16
2025,21,São Paulo Grand Prix,PIA,McLaren,0.0000,0.4344,1,23
2025,21,São Paulo Grand Prix,RUS,Mercedes,0.9243,2.9844,1,23
2025,21,São Paulo Grand Prix,SAI,Williams,1.0357,2.3137,1,25
2025,21,São Paulo Grand Prix,STR,Aston Martin,1.5315,0.0000,1,20
2025,21,São Paulo Grand Prix,TSU,Red Bull Racing,2.5215,,1,13
2025,21,São Paulo Grand Prix,VER,Red Bull Racing,1.9572,0.0843,1,22
2025,22,Las Vegas Grand Prix,ALB,Williams,0.0000,4.5856,3,32
2025,22,Las Vegas Grand Prix,ALO,Aston Martin,0.8192,4.5304,3,26
2025,22,Las Vegas Grand Prix,ANT,Mercedes,0.4153,0.9530,3,38
2025,22,Las Vegas Grand Prix,BEA,Haas F1 Team,1.0762,4.2498,3,33
2025,22,Las Vegas Grand Prix,BOR,Kick Sauber,1.5454,5.0000,3,28
2025,22,Las Vegas Grand Prix,COL,Alpine,0.9830,0.6410,3,35
2025,22,Las Vegas Grand Prix,GAS,Alpine,0.6539,4.6434,3,32
2025,22,Las Vegas Grand Prix,HAD,Racing Bulls,0.8245,4.2349,3,36
2025,22,Las Vegas Grand Prix,HAM,Ferrari,0.2407,3.5003,3,41
2025,22,Las Vegas Grand Prix,HUL,Kick Sauber,1.2657,3.5559,3,24
2025,22,Las Vegas Grand Prix,LAW,Racing Bulls,0.0000,4.8824,3,38
2025,22,Las Vegas Grand Prix,LEC,Ferrari,0.1611,2.6712,3,45
2025,22,Las Vegas Grand Prix,NOR,McLaren,0.0447,2.1718,3,24
2025,22,Las Vegas Grand Prix,OCO,Haas F1 Team,1.2162,2.0698,3,42
2025,22,Las Vegas Grand Prix,PIA,McLaren,0.5181,0.4695,3,34
2025,22,Las Vegas Grand Prix,RUS,Mercedes,0.5634,1.8108,3,34
2025,22,Las Vegas Grand Prix,SAI,Williams,0.2222,3.6077,3,34
2025,22,Las Vegas Grand Prix,STR,Aston Martin,0.9751,5.0000,3,23
2025,22,Las Vegas Grand Prix,TSU,Red Bull Racing,0.1085,4.4901,3,36
2025,22,Las Vegas Grand Prix,VER,Red Bull Racing,0.0000,3.7509,3,37
2025,23,Qatar Grand Prix,ALB,Williams,0.8465,1.3767,1,17
2025,23,Qatar Grand Prix,ALO,Aston Martin,0.4770,1.9155,1,17
2025,23,Qatar Grand Prix,ANT,Mercedes,0.9565,2.3563,1,24
2025,23,Qatar Grand Prix,BEA,Haas F1 Team,1.2382,2.4226,1,17
2025,23,Qatar Grand Prix,BOR,Kick Sauber,1.2382,2.3246,1,18
2025,23,Qatar Grand Prix,COL,Alpine,3.2191,2.3724,1,15
2025,23,Qatar Grand Prix,GAS,Alpine,1.8536,1.6676,1,12
2025,23,Qatar Grand Prix,HAD,Racing Bulls,0.7155,0.0000,1,17
2025,23,Qatar Grand Prix,HAM,Ferrari,2.5518,0.2055,1,16
2025,23,Qatar Grand Prix,HUL,Kick Sauber,2.8928,1.6079,1,13
2025,23,Qatar Grand Prix,LAW,Racing Bulls,2.0241,2.4423,1,15
2025,23,Qatar Grand Prix,LEC,Ferrari,0.9194,1.5475,1,19
2025,23,Qatar Grand Prix,NOR,McLaren,0.0717,0.0000,1,20
2025,23,Qatar Grand Prix,OCO,Haas F1 Team,1.4483,2.0570,1,21
2025,23,Qatar Grand Prix,PIA,McLaren,0.0000,0.9019,1,22
2025,23,Qatar Grand Prix,RUS,Mercedes,1.1122,1.2865,1,24
2025,23,Qatar Grand Prix,SAI,Williams,0.5931,5.0000,1,10
2025,23,Qatar Grand Prix,STR,Aston Martin,0.9206,1.6479,1,18
2025,23,Qatar Grand Prix,TSU,Red Bull Racing,1.0776,3.0306,1,20
2025,23,Qatar Grand Prix,VER,Red Bull Racing,0.7167,1.9519,1,18
2025,24,Abu Dhabi Grand Prix,ALB,Williams,0.4656,5.0000,2,31
2025,24,Abu Dhabi Grand Prix,ALO,Aston Martin,0.6576,5.0000,2,25
2025,24,Abu Dhabi Grand Prix,ANT,Mercedes,0.1456,4.5834,3,39
2025,24,Abu Dhabi Grand Prix,ARO,Alpine,0.8510,2.2632,1,16
2025,24,Abu Dhabi Grand Prix,BEA,Haas F1 Team,0.3243,2.5043,3,28
2025,24,Abu Dhabi Grand Prix,BOR,Kick Sauber,0.3042,4.0500,3,38
2025,24,Abu Dhabi Grand Prix,BRO,Williams,1.1896,0.0000,1,11
2025,24,Abu Dhabi Grand Prix,COL,Alpine,0.4379,2.5627,3,43
2025,24,Abu Dhabi Grand Prix,CRA,Aston Martin,1.6618,0.0000,1,17
2025,24,Abu Dhabi Grand Prix,GAS,Alpine,0.8856,5.0000,2,30
2025,24,Abu Dhabi Grand Prix,HAD,Racing Bulls,0.5824,0.8041,3,46
2025,24,Abu Dhabi Grand Prix,HAM,Ferrari,1.0303,0.3301,2,19
2025,24,Abu Dhabi Grand Prix,HIR,Haas F1 Team,0.5315,4.2338,1,16
2025,24,Abu Dhabi Grand Prix,HUL,Kick Sauber,0.1704,1.2206,3,40
2025,24,Abu Dhabi Grand Prix,IWA,Racing Bulls,1.1718,4.2004,1,20
2025,24,Abu Dhabi Grand Prix,LAW,Racing Bulls,0.7356,5.0000,2,30
2025,24,Abu Dhabi Grand Prix,LEC,Ferrari,0.0189,5.0000,3,41
2025,24,Abu Dhabi Grand Prix,LEL,Ferrari,1.0357,1.8846,1,20
2025,24,Abu Dhabi Grand Prix,LIN,Red Bull Racing,0.9126,3.8030,1,15
2025,24,Abu Dhabi Grand Prix,NOR,McLaren,0.0000,3.2715,3,47
2025,24,Abu Dhabi Grand Prix,OCO,Haas F1 Team,0.3252,2.1090,2,23
2025,24,Abu Dhabi Grand Prix,OWA,McLaren,0.9008,0.0000,1,17
2025,24,Abu Dhabi Grand Prix,PIA,McLaren,0.3108,5.0000,2,27
2025,24,Abu Dhabi Grand Prix,RUS,Mercedes,0.0000,0.3226,3,43
2025,24,Abu Dhabi Grand Prix,SAI,Williams,0.3385,2.0690,3,41
2025,24,Abu Dhabi Grand Prix,SHI,Aston Martin,2.3046,0.1384,1,14
2025,24,Abu Dhabi Grand Prix,STR,Aston Martin,0.7908,5.0000,2,26
2025,24,Abu Dhabi Grand Prix,TSU,Red Bull Racing,1.4684,5.0000,2,19
2025,24,Abu Dhabi Grand Prix,VER,Red Bull Racing,0.0095,4.2486,3,47
2026,1,Australian Grand Prix,ALB,Williams,2.6565,3.3333,3,48
2026,1,Australian Grand Prix,ALO,Aston Martin,4.6387,1.1769,2,18
2026,1,Australian Grand Prix,ANT,Mercedes,0.2684,2.6527,3,36
2026,1,Australian Grand Prix,BEA,Haas F1 Team,2.0030,3.8389,3,42
2026,1,Australian Grand Prix,BOR,Audi,1.7786,4.0932,3,33
2026,1,Australian Grand Prix,BOT,Cadillac,4.6781,5.0000,3,40
2026,1,Australian Grand Prix,COL,Alpine,2.9853,2.9288,3,40
2026,1,Australian Grand Prix,GAS,Alpine,2.5527,4.4150,3,42
2026,1,Australian Grand Prix,HAD,Red Bull Racing,1.0216,1.4706,3,37
2026,1,Australian Grand Prix,HAM,Ferrari,0.4026,4.4594,3,51
2026,1,Australian Grand Prix,HUL,Audi,2.0344,2.5000,3,39
2026,1,Australian Grand Prix,LAW,Racing Bulls,2.0432,2.0509,3,44
2026,1,Australian Grand Prix,LEC,Ferrari,0.0000,5.0000,3,49
2026,1,Australian Grand Prix,LIN,Racing Bulls,1.3032,3.6882,3,39
2026,1,Australian Grand Prix,NOR,McLaren,1.3358,2.5194,3,29
2026,1,Australian Grand Prix,OCO,Haas F1 Team,1.8187,3.6217,3,39
2026,1,Australian Grand Prix,PER,Cadillac,5.0000,3.3537,2,18
2026,1,Australian Grand Prix,PIA,McLaren,0.0000,1.7707,3,35
2026,1,Australian Grand Prix,RUS,Mercedes,0.0000,2.5116,3,41
2026,1,Australian Grand Prix,SAI,Williams,2.5615,2.5000,2,28
2026,1,Australian Grand Prix,STR,Aston Martin,5.0000,5.0000,1,7
2026,1,Australian Grand Prix,VER,Red Bull Racing,0.6503,0.0000,3,26
2026,2,Chinese Grand Prix,ALB,Williams,2.9534,2.3319,1,18
2026,2,Chinese Grand Prix,ALO,Aston Martin,3.3588,,1,10
2026,2,Chinese Grand Prix,ANT,Mercedes,0.1294,0.0000,1,17
2026,2,Chinese Grand Prix,BEA,Haas F1 Team,1.8169,2.3288,1,15
2026,2,Chinese Grand Prix,BOR,Audi,2.2504,3.9270,1,12
2026,2,Chinese Grand Prix,BOT,Cadillac,3.5755,4.4912,1,15
2026,2,Chinese Grand Prix,COL,Alpine,2.3787,3.2148,1,14
2026,2,Chinese Grand Prix,GAS,Alpine,2.0865,2.6491,1,12
2026,2,Chinese Grand Prix,HAD,Red Bull Racing,2.2805,5.0000,1,16
2026,2,Chinese Grand Prix,HAM,Ferrari,1.4966,5.0000,1,13
2026,2,Chinese Grand Prix,HUL,Audi,2.0466,5.0000,1,16
2026,2,Chinese Grand Prix,LAW,Racing Bulls,2.1910,3.9773,1,14
2026,2,Chinese Grand Prix,LEC,Ferrari,0.9252,0.0000,1,14
2026,2,Chinese Grand Prix,LIN,Racing Bulls,5.0000,,1,2
2026,2,Chinese Grand Prix,NOR,McLaren,0.5984,2.3571,1,16
2026,2,Chinese Grand Prix,OCO,Haas F1 Team,2.3032,,1,12
2026,2,Chinese Grand Prix,PER,Cadillac,5.0000,,1,5
2026,2,Chinese Grand Prix,PIA,McLaren,0.7882,1.2874,1,18
2026,2,Chinese Grand Prix,RUS,Mercedes,0.0000,0.8897,1,17
2026,2,Chinese Grand Prix,SAI,Williams,3.1680,5.0000,1,11
2026,2,Chinese Grand Prix,STR,Aston Martin,4.8339,,1,11
2026,2,Chinese Grand Prix,VER,Red Bull Racing,1.9409,4.2745,1,16
2026,3,Japanese Grand Prix,ALB,Williams,1.5122,3.4424,3,50
2026,3,Japanese Grand Prix,ALO,Aston Martin,3.8421,0.0000,2,20
2026,3,Japanese Grand Prix,ANT,Mercedes,0.0000,2.9078,3,39
2026,3,Japanese Grand Prix,BEA,Haas F1 Team,1.3462,4.1775,3,41
2026,3,Japanese Grand Prix,BOR,Audi,1.1924,4.1821,3,34
2026,3,Japanese Grand Prix,BOT,Cadillac,2.7537,3.3174,3,46
2026,3,Japanese Grand Prix,COL,Alpine,1.8491,3.4911,3,49
2026,3,Japanese Grand Prix,CRA,Aston Martin,5.0000,5.0000,1,5
2026,3,Japanese Grand Prix,GAS,Alpine,1.4313,1.1660,3,47
2026,3,Japanese Grand Prix,HAD,Red Bull Racing,1.2404,2.0429,3,52
2026,3,Japanese Grand Prix,HAM,Ferrari,0.4080,3.7210,3,41
2026,3,Japanese Grand Prix,HUL,Audi,1.2349,2.0130,3,46
2026,3,Japanese Grand Prix,LAW,Racing Bulls,0.9415,3.3333,3,52
2026,3,Japanese Grand Prix,LEC,Ferrari,0.3153,3.4017,3,46
2026,3,Japanese Grand Prix,LIN,Racing Bulls,1.0898,3.3603,2,25
2026,3,Japanese Grand Prix,NOR,McLaren,0.1440,4.1554,3,33
2026,3,Japanese Grand Prix,OCO,Haas F1 Team,1.0200,1.4758,3,44
2026,3,Japanese Grand Prix,PER,Cadillac,2.7873,3.5481,3,30
2026,3,Japanese Grand Prix,PIA,McLaren,0.0000,1.4093,3,42
2026,3,Japanese Grand Prix,RUS,Mercedes,0.0000,0.9318,3,41
2026,3,Japanese Grand Prix,SAI,Williams,1.6365,1.1017,3,55
2026,3,Japanese Grand Prix,STR,Aston Martin,3.9578,5.0000,3,35
2026,3,Japanese Grand Prix,VER,Red Bull Racing,0.8629,0.9006,3,46
2026,4,Miami Grand Prix,ALB,Williams,1.9192,2.0077,1,24
2026,4,Miami Grand Prix,ALO,Aston Martin,3.6760,0.0000,1,22
2026,4,Miami Grand Prix,ANT,Mercedes,0.8610,1.1258,1,16
2026,4,Miami Grand Prix,BEA,Haas F1 Team,1.9942,2.9846,1,18
2026,4,Miami Grand Prix,BOR,Audi,2.0166,5.0000,1,17
2026,4,Miami Grand Prix,BOT,Cadillac,3.8652,4.3552,1,20
2026,4,Miami Grand Prix,COL,Alpine,1.9091,0.7254,1,19
2026,4,Miami Grand Prix,GAS,Alpine,1.4299,2.9656,1,21
2026,4,Miami Grand Prix,HAD,Red Bull Racing,1.7501,0.9448,1,24
2026,4,Miami Grand Prix,HAM,Ferrari,0.5229,0.5607,1,22
2026,4,Miami Grand Prix,HUL,Audi,2.5585,2.8379,1,20
2026,4,Miami Grand Prix,LAW,Racing Bulls,2.6178,4.1398,1,26
2026,4,Miami Grand Prix,LEC,Ferrari,0.0000,1.5235,1,29
2026,4,Miami Grand Prix,LIN,Racing Bulls,3.9772,5.0000,1,29
2026,4,Miami Grand Prix,NOR,McLaren,1.0055,2.5065,1,21
2026,4,Miami Grand Prix,OCO,Haas F1 Team,2.6033,1.7833,1,22
2026,4,Miami Grand Prix,PER,Cadillac,3.0646,3.7374,1,15
2026,4,Miami Grand Prix,PIA,McLaren,0.5016,2.0294,1,23
2026,4,Miami Grand Prix,RUS,Mercedes,0.8846,1.1465,1,18
2026,4,Miami Grand Prix,SAI,Williams,1.8139,2.9037,1,21
2026,4,Miami Grand Prix,STR,Aston Martin,4.0858,5.0000,1,16
2026,4,Miami Grand Prix,VER,Red Bull Racing,0.3325,0.0000,1,29
2026,5,Canadian Grand Prix,ALB,,4.4140,5.0000,1,9
2026,5,Canadian Grand Prix,ALO,,3.5694,0.1846,1,15
2026,5,Canadian Grand Prix,ANT,,0.0000,0.1331,1,20
2026,5,Canadian Grand Prix,BEA,,5.0000,3.6453,1,13
2026,5,Canadian Grand Prix,BOR,,4.2424,2.3935,1,19
2026,5,Canadian Grand Prix,BOT,,5.0000,,1,14
2026,5,Canadian Grand Prix,GAS,,4.6416,2.5879,1,16
2026,5,Canadian Grand Prix,HAD,,3.8841,1.5153,1,17
2026,5,Canadian Grand Prix,HAM,,1.8392,0.3505,1,20
2026,5,Canadian Grand Prix,HUL,,3.1280,1.4441,1,13
2026,5,Canadian Grand Prix,LAW,,5.0000,,1,3
2026,5,Canadian Grand Prix,LEC,,1.2983,0.0777,1,20
2026,5,Canadian Grand Prix,LIN,,2.7928,,1,18
2026,5,Canadian Grand Prix,NOR,,2.4386,5.0000,1,17
2026,5,Canadian Grand Prix,OCO,,4.2165,2.6893,1,18
2026,5,Canadian Grand Prix,PER,,5.0000,0.3096,1,15
2026,5,Canadian Grand Prix,PIA,,2.1266,0.5745,1,20
2026,5,Canadian Grand Prix,RUS,,0.1935,0.0000,1,22
2026,5,Canadian Grand Prix,SAI,,4.4386,1.7261,1,22
2026,5,Canadian Grand Prix,STR,,5.0000,0.0000,1,14
2026,5,Canadian Grand Prix,VER,,3.3964,1.1786,1,17
2026,6,Monaco Grand Prix,ALB,Williams,2.1554,4.5221,3,68
2026,6,Monaco Grand Prix,ALO,Aston Martin,3.1057,4.6775,3,52
2026,6,Monaco Grand Prix,ANT,Mercedes,0.0000,2.5000,3,55
2026,6,Monaco Grand Prix,BEA,Haas F1 Team,1.9582,4.0556,3,59
2026,6,Monaco Grand Prix,BOR,Audi,1.5127,2.8528,3,63
2026,6,Monaco Grand Prix,BOT,Cadillac,3.7425,4.4103,3,52
2026,6,Monaco Grand Prix,COL,Alpine,2.3718,3.7878,3,63
2026,6,Monaco Grand Prix,GAS,Alpine,2.0144,3.3554,3,67
2026,6,Monaco Grand Prix,HAD,Red Bull Racing,1.4529,2.1780,3,39
2026,6,Monaco Grand Prix,HAM,Ferrari,0.0000,3.6523,3,63
2026,6,Monaco Grand Prix,HUL,Audi,1.4625,3.3333,3,60
2026,6,Monaco Grand Prix,LAW,Racing Bulls,2.4087,3.9524,3,58
2026,6,Monaco Grand Prix,LEC,Ferrari,0.0000,2.7385,3,69
2026,6,Monaco Grand Prix,LIN,Racing Bulls,2.3581,4.6483,3,65
2026,6,Monaco Grand Prix,NOR,McLaren,1.7684,2.5493,3,37
2026,6,Monaco Grand Prix,OCO,Haas F1 Team,2.1425,2.8088,3,62
2026,6,Monaco Grand Prix,PER,Cadillac,2.8620,3.9464,3,46
2026,6,Monaco Grand Prix,PIA,McLaren,1.3449,3.2575,3,51
2026,6,Monaco Grand Prix,RUS,Mercedes,0.5190,3.8792,3,57
2026,6,Monaco Grand Prix,SAI,Williams,2.0349,5.0000,3,61
2026,6,Monaco Grand Prix,STR,Aston Martin,4.3108,3.9429,3,42
2026,6,Monaco Grand Prix,VER,Red Bull Racing,0.2301,1.7287,3,58
2026,7,Barcelona Grand Prix,ALB,Williams,3.6113,3.8427,2,25
2026,7,Barcelona Grand Prix,ALO,,4.8505,3.1297,3,30
2026,7,Barcelona Grand Prix,ANT,Mercedes,0.7809,0.0086,2,21
2026,7,Barcelona Grand Prix,ARO,,1.2545,0.0000,1,15
2026,7,Barcelona Grand Prix,BEA,,2.0139,2.3743,3,35
2026,7,Barcelona Grand Prix,BEG,,1.8530,0.0000,1,22
2026,7,Barcelona Grand Prix,BOR,,1.5711,2.2160,3,28
2026,7,Barcelona Grand Prix,BOT,,3.3406,1.9822,3,26
2026,7,Barcelona Grand Prix,COL,,2.0036,2.1561,3,38
2026,7,Barcelona Grand Prix,FOR,,1.1170,5.0000,1,12
2026,7,Barcelona Grand Prix,GAS,,2.4315,4.6562,3,33
2026,7,Barcelona Grand Prix,HAD,Red Bull Racing,1.3280,1.5219,2,23
2026,7,Barcelona Grand Prix,HAM,Ferrari,0.9276,1.7544,2,24
2026,7,Barcelona Grand Prix,HER,,5.0000,3.8644,1,19
2026,7,Barcelona Grand Prix,HUL,Audi,1.6940,2.0476,2,29
2026,7,Barcelona Grand Prix,IWA,,2.5339,1.1167,1,13
2026,7,Barcelona Grand Prix,LAW,,1.4523,,3,17
2026,7,Barcelona Grand Prix,LEC,,0.3211,0.6321,3,33
2026,7,Barcelona Grand Prix,LIN,,1.3059,3.1563,3,40
2026,7,Barcelona Grand Prix,NOR,McLaren,0.0000,0.0000,2,24
2026,7,Barcelona Grand Prix,OCO,,2.6309,4.1590,3,41
2026,7,Barcelona Grand Prix,PER,Cadillac,3.9800,4.1081,2,32
2026,7,Barcelona Grand Prix,PIA,,0.0756,3.0269,3,31
2026,7,Barcelona Grand Prix,RUS,,0.0000,0.0818,3,39
2026,7,Barcelona Grand Prix,SAI,,2.1133,4.7194,3,46
2026,7,Barcelona Grand Prix,STR,,5.0000,,3,28
2026,7,Barcelona Grand Prix,VER,,0.9976,0.1450,3,42
2026,7,Barcelona Grand Prix,VES,,2.6217,1.8400,1,16
2026,8,Austrian Grand Prix,ALB,Williams,2.7218,1.7939,3,53
2026,8,Austrian Grand Prix,ALO,Aston Martin,4.9556,4.2603,3,39
2026,8,Austrian Grand Prix,ANT,Mercedes,0.0000,0.2616,3,39
2026,8,Austrian Grand Prix,ARO,Audi,2.7288,5.0000,1,10
2026,8,Austrian Grand Prix,BEA,Haas F1 Team,2.1357,0.3693,3,41
2026,8,Austrian Grand Prix,BEG,Ferrari,1.8556,5.0000,1,19
2026,8,Austrian Grand Prix,BOR,Audi,1.8108,2.2143,2,28
2026,8,Austrian Grand Prix,BOT,Cadillac,2.5444,4.2616,3,32
2026,8,Austrian Grand Prix,BRO,Williams,3.2200,2.4194,1,17
2026,8,Austrian Grand Prix,COL,Alpine,1.7199,1.2660,3,38
2026,8,Austrian Grand Prix,CRA,Aston Martin,5.0000,2.2987,1,13
2026,8,Austrian Grand Prix,GAS,Alpine,1.6350,0.9163,3,45
2026,8,Austrian Grand Prix,HAD,Red Bull Racing,1.1102,3.0062,3,40
2026,8,Austrian Grand Prix,HAM,Ferrari,0.1714,3.5210,3,49
2026,8,Austrian Grand Prix,HIR,Haas F1 Team,3.9781,,1,11
2026,8,Austrian Grand Prix,HUL,Audi,1.7989,0.8275,3,49
2026,8,Austrian Grand Prix,IWA,Racing Bulls,2.7155,,1,9
2026,8,Austrian Grand Prix,LAW,Racing Bulls,1.3935,1.3326,2,36
2026,8,Austrian Grand Prix,LEC,Ferrari,0.5306,1.6914,2,26
2026,8,Austrian Grand Prix,LIN,Racing Bulls,1.3718,1.4716,3,46
2026,8,Austrian Grand Prix,NOR,McLaren,0.3935,0.3426,3,29
2026,8,Austrian Grand Prix,OCO,Haas F1 Team,2.4010,2.0075,2,27
2026,8,Austrian Grand Prix,PER,Cadillac,3.6306,2.4846,2,27
2026,8,Austrian Grand Prix,PIA,McLaren,0.1726,1.1269,3,37
2026,8,Austrian Grand Prix,RUS,Mercedes,0.0000,1.6667,3,49
2026,8,Austrian Grand Prix,SAI,Williams,2.6037,2.5150,2,33
2026,8,Austrian Grand Prix,STR,Aston Martin,5.0000,1.3608,2,29
2026,8,Austrian Grand Prix,VER,Red Bull Racing,0.4069,2.9121,3,33
2026,9,British Grand Prix,ALB,Williams,2.7302,2.3723,1,18
2026,9,British Grand Prix,ALO,Aston Martin,4.1418,0.0000,1,16
2026,9,British Grand Prix,ANT,Mercedes,0.2386,0.9691,1,18
2026,9,British Grand Prix,BEA,Haas F1 Team,2.3672,1.4779,1,16
2026,9,British Grand Prix,BOR,Audi,1.9886,2.0350,1,15
2026,9,British Grand Prix,BOT,Cadillac,3.2377,4.4815,1,15
2026,9,British Grand Prix,COL,Alpine,1.9113,1.5039,1,17
2026,9,British Grand Prix,GAS,Alpine,3.2881,5.0000,1,13
2026,9,British Grand Prix,HAD,Red Bull Racing,1.2077,1.9939,1,18
2026,9,British Grand Prix,HAM,Ferrari,0.0000,0.0000,1,20
2026,9,British Grand Prix,HUL,Audi,1.6614,1.8260,1,19
2026,9,British Grand Prix,LAW,Racing Bulls,1.7813,1.5451,1,18
2026,9,British Grand Prix,LEC,Ferrari,0.6711,2.2915,1,22
2026,9,British Grand Prix,LIN,Racing Bulls,2.3292,1.6626,1,20
2026,9,British Grand Prix,NOR,McLaren,1.1517,1.7454,1,16
2026,9,British Grand Prix,OCO,Haas F1 Team,2.7157,2.2391,1,15
2026,9,British Grand Prix,PER,Cadillac,3.3397,3.3825,1,15
2026,9,British Grand Prix,PIA,McLaren,0.9937,5.0000,1,16
2026,9,British Grand Prix,RUS,Mercedes,0.7596,0.8684,1,19
2026,9,British Grand Prix,SAI,Williams,2.7157,2.1135,1,20
2026,9,British Grand Prix,STR,Aston Martin,4.3356,5.0000,1,15
2026,9,British Grand Prix,VER,Red Bull Racing,1.0979,0.3194,1,17
2026,10,Belgian Grand Prix,ALB,Williams,1.8870,2.6936,3,25
2026,10,Belgian Grand Prix,ALO,Aston Martin,3.9296,,2,12
2026,10,Belgian Grand Prix,ANT,Mercedes,0.0000,1.5160,3,23
2026,10,Belgian Grand Prix,BEA,Haas F1 Team,1.7443,1.7635,3,27
2026,10,Belgian Grand Prix,BOR,Audi,0.9992,,3,20
2026,10,Belgian Grand Prix,BOT,Cadillac,2.5040,1.9916,3,32
2026,10,Belgian Grand Prix,COL,Alpine,1.1355,1.3625,3,27
2026,10,Belgian Grand Prix,CRA,Aston Martin,5.0000,5.0000,1,10
2026,10,Belgian Grand Prix,GAS,Alpine,1.3366,2.6739,3,26
2026,10,Belgian Grand Prix,HAD,Red Bull Racing,0.2354,2.6824,3,30
2026,10,Belgian Grand Prix,HAM,Ferrari,0.1354,0.0822,3,24
2026,10,Belgian Grand Prix,HUL,Audi,0.8812,,3,24
2026,10,Belgian Grand Prix,LAW,Racing Bulls,1.2303,1.3796,3,27
2026,10,Belgian Grand Prix,LEC,Ferrari,0.1933,,3,22
2026,10,Belgian Grand Prix,LIN,Racing Bulls,1.0871,0.2122,3,28
2026,10,Belgian Grand Prix,NOR,McLaren,0.1311,0.8179,3,25
2026,10,Belgian Grand Prix,OCO,Haas F1 Team,1.9010,1.9362,3,29
2026,10,Belgian Grand Prix,PER,Cadillac,2.8305,1.7562,3,31
2026,10,Belgian Grand Prix,PIA,McLaren,0.4222,0.2070,3,21
2026,10,Belgian Grand Prix,RUS,Mercedes,0.3463,,3,21
2026,10,Belgian Grand Prix,SAI,Williams,2.1823,2.6667,3,29
2026,10,Belgian Grand Prix,STR,Aston Martin,4.3787,,3,17
2026,10,Belgian Grand Prix,VER,Red Bull Racing,0.0000,1.8274,3,29
2026,11,Hungarian Grand Prix,ALB,Williams,2.8503,1.2158,3,44
2026,11,Hungarian Grand Prix,ALO,Aston Martin,3.1299,2.5000,3,38
2026,11,Hungarian Grand Prix,ANT,Mercedes,0.1655,0.0000,2,22
2026,11,Hungarian Grand Prix,ARO,Alpine,5.0000,3.5191,1,16
2026,11,Hungarian Grand Prix,BEA,Haas F1 Team,2.8211,2.1219,2,26
2026,11,Hungarian Grand Prix,BOR,Audi,1.7950,0.4756,3,37
2026,11,Hungarian Grand Prix,BOT,Cadillac,3.4460,3.8679,2,28
2026,11,Hungarian Grand Prix,COL,Alpine,2.7149,3.5156,2,27
2026,11,Hungarian Grand Prix,FOR,McLaren,3.5599,0.0000,1,17
2026,11,Hungarian Grand Prix,GAS,Alpine,2.2890,2.8813,3,50
2026,11,Hungarian Grand Prix,HAD,Red Bull Racing,1.1660,2.9173,3,34
2026,11,Hungarian Grand Prix,HAM,Ferrari,0.0000,1.2464,3,42
2026,11,Hungarian Grand Prix,HER,Cadillac,5.0000,3.7546,1,20
2026,11,Hungarian Grand Prix,HIR,Haas F1 Team,3.7003,,1,11
2026,11,Hungarian Grand Prix,HUL,Audi,1.5666,2.8126,3,45
2026,11,Hungarian Grand Prix,LAW,Racing Bulls,1.4742,2.3452,3,49
2026,11,Hungarian Grand Prix,LEC,Ferrari,0.0000,2.1209,3,45
2026,11,Hungarian Grand Prix,LIN,Racing Bulls,1.9358,2.6352,3,43
2026,11,Hungarian Grand Prix,NOR,McLaren,0.0000,1.6977,3,47
2026,11,Hungarian Grand Prix,OCO,Haas F1 Team,2.3219,3.5406,3,40
2026,11,Hungarian Grand Prix,PER,Cadillac,3.8116,2.2448,2,34
2026,11,Hungarian Grand Prix,PIA,McLaren,0.6402,2.9225,2,30
2026,11,Hungarian Grand Prix,RUS,Mercedes,0.7724,2.7130,3,42
2026,11,Hungarian Grand Prix,SAI,Williams,3.4257,1.7949,3,44
2026,11,Hungarian Grand Prix,STR,Aston Martin,3.8415,,2,17
2026,11,Hungarian Grand Prix,VER,Red Bull Racing,0.6121,1.7577,3,44
2026,11,Hungarian Grand Prix,VES,Mercedes,1.7604,2.3114,1,13
2026,12,Dutch Grand Prix,ALB,Williams,3.3009,1.1900,1,21
2026,12,Dutch Grand Prix,ALO,Aston Martin,2.1412,4.3264,1,16
2026,12,Dutch Grand Prix,ANT,Mercedes,0.0000,0.6712,1,23
2026,12,Dutch Grand Prix,BEA,Haas F1 Team,2.6388,2.6768,1,21
2026,12,Dutch Grand Prix,BOR,Audi,1.4298,1.0892,1,14
2026,12,Dutch Grand Prix,BOT,Cadillac,3.6066,0.0000,1,16
2026,12,Dutch Grand Prix,COL,Alpine,2.5730,2.4144,1,19
2026,12,Dutch Grand Prix,GAS,Alpine,1.3187,1.4287,1,16
2026,12,Dutch Grand Prix,HAM,Ferrari,0.2605,0.0000,1,20
2026,12,Dutch Grand Prix,HUL,Audi,1.1446,1.1679,1,23
2026,12,Dutch Grand Prix,LAW,Red Bull Racing,2.6210,5.0000,1,20
2026,12,Dutch Grand Prix,LEC,Ferrari,0.3962,0.0514,1,24
2026,12,Dutch Grand Prix,LIN,Racing Bulls,1.8314,2.5416,1,27
2026,12,Dutch Grand Prix,NOR,McLaren,0.1659,0.2855,1,18
2026,12,Dutch Grand Prix,OCO,Haas F1 Team,2.6704,2.3603,1,16
2026,12,Dutch Grand Prix,PER,Cadillac,3.7711,3.2016,1,16
2026,12,Dutch Grand Prix,PIA,McLaren,0.9034,1.1142,1,26
2026,12,Dutch Grand Prix,RUS,Mercedes,0.1714,0.6916,1,26
2026,12,Dutch Grand Prix,SAI,Williams,4.6553,4.1895,1,22
2026,12,Dutch Grand Prix,STR,Aston Martin,3.0843,5.0000,1,14
2026,12,Dutch Grand Prix,TSU,Racing Bulls,2.9623,2.9105,1,24
2026,12,Dutch Grand Prix,VER,Red Bull Racing,1.8862,0.0000,1,13
2026,13,Italian Grand Prix,ALB,Williams,1.5674,1.5994,2,43
2026,13,Italian Grand Prix,ALO,Aston Martin,2.9894,2.7245,3,35
2026,13,Italian Grand Prix,ANT,Mercedes,0.1708,1.8254,3,45
2026,13,Italian Grand Prix,ARO,Alpine,1.4083,0.0000,1,10
2026,13,Italian Grand Prix,BEA,Haas F1 Team,0.9823,2.3641,3,41
2026,13,Italian Grand Prix,BOR,Audi,1.2023,0.0000,3,28
2026,13,Italian Grand Prix,BOT,Cadillac,3.1372,1.9002,3,49
2026,13,Italian Grand Prix,BRO,Williams,2.0865,5.0000,1,16
2026,13,Italian Grand Prix,COL,Alpine,1.0727,0.6253,3,49
2026,13,Italian Grand Prix,GAS,Alpine,0.8258,0.8574,2,36
2026,13,Italian Grand Prix,HAM,Ferrari,0.2084,1.7841,3,44
2026,13,Italian Grand Prix,HER,Cadillac,5.0000,,1,1
2026,13,Italian Grand Prix,HUL,Audi,1.1032,1.7474,3,41
2026,13,Italian Grand Prix,IWA,Red Bull Racing,2.2468,2.7299,1,16
2026,13,Italian Grand Prix,LAW,Red Bull Racing,0.5120,1.7060,3,60
2026,13,Italian Grand Prix,LEC,Ferrari,0.0000,0.7922,3,49
2026,13,Italian Grand Prix,LIN,Racing Bulls,0.6142,1.1702,3,49
2026,13,Italian Grand Prix,NOR,McLaren,0.4651,2.0827,3,42
2026,13,Italian Grand Prix,OCO,Haas F1 Team,2.1905,1.7271,3,38
2026,13,Italian Grand Prix,PER,Cadillac,3.0560,2.8840,2,28
2026,13,Italian Grand Prix,PIA,McLaren,0.5681,2.4287,3,43
2026,13,Italian Grand Prix,RUS,Mercedes,0.0000,2.0343,3,41
2026,13,Italian Grand Prix,SAI,Williams,1.6243,2.1729,3,55
2026,13,Italian Grand Prix,STR,Aston Martin,3.2631,3.4638,3,45
2026,13,Italian Grand Prix,TSU,Racing Bulls,1.0853,1.6988,3,48
2026,13,Italian Grand Prix,VER,Red Bull Racing,0.4257,3.4531,2,31
2026,14,Spanish Grand Prix,ALB,Williams,3.4955,5.0000,2,28
2026,14,Spanish Grand Prix,ALO,Aston Martin,2.3956,4.2666,3,39
2026,14,Spanish Grand Prix,ANT,Mercedes,0.0000,5.0000,3,31
2026,14,Spanish Grand Prix,BEA,Haas F1 Team,1.6453,5.0000,3,26
2026,14,Spanish Grand Prix,BOR,Audi,1.6067,5.0000,3,30
2026,14,Spanish Grand Prix,BOT,Cadillac,4.1736,5.0000,3,38
2026,14,Spanish Grand Prix,COL,Alpine,1.6692,3.3627,3,31
2026,14,Spanish Grand Prix,GAS,Alpine,1.3848,4.6662,3,28
2026,14,Spanish Grand Prix,HAM,Ferrari,0.1591,3.0157,3,29
2026,14,Spanish Grand Prix,HUL,Audi,1.2242,1.8891,3,33
2026,14,Spanish Grand Prix,LAW,Red Bull Racing,1.1908,0.7509,3,27
2026,14,Spanish Grand Prix,LEC,Ferrari,0.1206,2.5000,3,42
2026,14,Spanish Grand Prix,LIN,Racing Bulls,0.2434,5.0000,3,23
2026,14,Spanish Grand Prix,NOR,McLaren,0.2543,0.0000,2,21
2026,14,Spanish Grand Prix,OCO,Haas F1 Team,1.2865,0.0949,3,27
2026,14,Spanish Grand Prix,PER,Cadillac,3.7721,5.0000,3,28
2026,14,Spanish Grand Prix,PIA,McLaren,0.2037,0.4294,3,31
2026,14,Spanish Grand Prix,RUS,Mercedes,0.0000,2.2118,3,29
2026,14,Spanish Grand Prix,SAI,Williams,2.8069,4.0764,3,36
2026,14,Spanish Grand Prix,STR,Aston Martin,2.9882,3.4061,3,33
2026,14,Spanish Grand Prix,TSU,Racing Bulls,1.1702,2.1461,3,24
2026,14,Spanish Grand Prix,VER,Red Bull Racing,0.4041,1.4501,3,29
2026,15,Azerbaijan Grand Prix,ALB,Williams,1.4727,3.8089,3,39
2026,15,Azerbaijan Grand Prix,ALO,Aston Martin,2.3229,5.0000,3,31
2026,15,Azerbaijan Grand Prix,ANT,Mercedes,0.2423,5.0000,3,18
2026,15,Azerbaijan Grand Prix,BEA,Haas F1 Team,1.5249,0.0000,3,25
2026,15,Azerbaijan Grand Prix,BOR,Audi,1.2345,5.0000,3,23
2026,15,Azerbaijan Grand Prix,BOT,Cadillac,3.2802,3.1745,3,24
2026,15,Azerbaijan Grand Prix,COL,Alpine,1.5103,4.5590,3,27
2026,15,Azerbaijan Grand Prix,GAS,Alpine,0.5922,2.4282,3,27
2026,15,Azerbaijan Grand Prix,HAD,Red Bull Racing,1.1104,2.4844,3,23
2026,15,Azerbaijan Grand Prix,HAM,Ferrari,0.4147,3.3333,3,31
2026,15,Azerbaijan Grand Prix,HUL,Audi,1.4556,3.6701,3,29
2026,15,Azerbaijan Grand Prix,LAW,Racing Bulls,0.9992,3.0708,3,34
2026,15,Azerbaijan Grand Prix,LEC,Ferrari,0.3833,2.9173,3,30
2026,15,Azerbaijan Grand Prix,LIN,Racing Bulls,1.1519,2.9555,3,19
2026,15,Azerbaijan Grand Prix,NOR,McLaren,1.2546,2.7386,3,23
2026,15,Azerbaijan Grand Prix,OCO,Haas F1 Team,1.1738,1.4775,3,26
2026,15,Azerbaijan Grand Prix,PER,Cadillac,1.9063,3.5094,3,26
2026,15,Azerbaijan Grand Prix,PIA,McLaren,0.9114,2.5000,3,24
2026,15,Azerbaijan Grand Prix,RUS,Mercedes,0.0000,2.5317,3,29
2026,15,Azerbaijan Grand Prix,SAI,Williams,1.5228,4.6055,3,31
2026,15,Azerbaijan Grand Prix,STR,Aston Martin,2.9985,5.0000,3,25
2026,15,Azerbaijan Grand Prix,VER,Red Bull Racing,0.8002,1.6667,3,32
2026,16,Bahrain Grand Prix,ALB,Williams,2.7613,1.7191,3,34
2026,16,Bahrain Grand Prix,ALO,Aston Martin,1.9948,1.9020,3,25
2026,16,Bahrain Grand Prix,ANT,Mercedes,0.0000,2.5000,3,29
2026,16,Bahrain Grand Prix,BEA,Haas F1 Team,2.2332,0.8698,3,30
2026,16,Bahrain Grand Prix,BOR,Audi,1.5616,2.5900,3,27
2026,16,Bahrain Grand Prix,BOT,Cadillac,2.7254,2.9370,3,28
2026,16,Bahrain Grand Prix,COL,Alpine,1.6801,0.9027,3,42
2026,16,Bahrain Grand Prix,GAS,Alpine,1.0869,2.1770,3,33
2026,16,Bahrain Grand Prix,HAD,Red Bull Racing,0.1015,1.2893,3,31
2026,16,Bahrain Grand Prix,HAM,Ferrari,0.3127,2.0887,3,31
2026,16,Bahrain Grand Prix,HUL,Audi,1.6211,0.9095,3,32
2026,16,Bahrain Grand Prix,LAW,Racing Bulls,0.9925,1.9875,3,32
2026,16,Bahrain Grand Prix,LEC,Ferrari,0.0000,0.1974,3,37
2026,16,Bahrain Grand Prix,LIN,Racing Bulls,1.1791,2.5311,3,51
2026,16,Bahrain Grand Prix,NOR,McLaren,0.1405,0.3213,3,27
2026,16,Bahrain Grand Prix,OCO,Haas F1 Team,1.8795,2.8410,3,30
2026,16,Bahrain Grand Prix,PER,Cadillac,3.3839,3.7676,3,36
2026,16,Bahrain Grand Prix,PIA,McLaren,0.3804,2.5410,3,26
2026,16,Bahrain Grand Prix,RUS,Mercedes,0.3927,2.9763,3,29
2026,16,Bahrain Grand Prix,SAI,Williams,2.4629,1.3201,3,40
2026,16,Bahrain Grand Prix,STR,Aston Martin,2.6053,2.5589,3,21
2026,16,Bahrain Grand Prix,VER,Red Bull Racing,0.0000,0.6301,3,31
2022,16,Italian Grand Prix,ALB,Williams,1.3578,0.5394,2,30
2022,16,Italian Grand Prix,ALO,Alpine,0.8361,3.6207,3,49
2022,16,Italian Grand Prix,BOT,Alfa Romeo,1.1940,1.8874,3,54
2022,16,Italian Grand Prix,DEV,Aston Martin,1.9901,0.8481,2,23
2022,16,Italian Grand Prix,GAS,AlphaTauri,1.4925,2.0571,3,42
2022,16,Italian Grand Prix,GIO,Haas F1 Team,2.3140,0.0000,1,19
2022,16,Italian Grand Prix,HAM,Mercedes,0.5109,2.3315,3,38
2022,16,Italian Grand Prix,LAT,Williams,1.8756,1.9363,3,39
2022,16,Italian Grand Prix,LEC,Ferrari,0.0000,0.9379,3,35
2022,16,Italian Grand Prix,MAG,Haas F1 Team,1.9367,3.8275,3,44
2022,16,Italian Grand Prix,MSC,Haas F1 Team,2.6338,5.0000,2,11
2022,16,Italian Grand Prix,NOR,McLaren,0.8253,2.6201,3,52
2022,16,Italian Grand Prix,OCO,Alpine,0.8069,0.4174,3,50
2022,16,Italian Grand Prix,PER,Red Bull Racing,0.7335,1.3849,3,42
2022,16,Italian Grand Prix,RIC,McLaren,1.3360,2.6601,3,44
2022,16,Italian Grand Prix,RUS,Mercedes,0.3386,0.5932,3,48
2022,16,Italian Grand Prix,SAI,Ferrari,0.0000,0.6778,3,36
2022,16,Italian Grand Prix,STR,Aston Martin,1.5508,2.4368,3,47
2022,16,Italian Grand Prix,TSU,AlphaTauri,1.0314,3.6716,3,54
2022,16,Italian Grand Prix,VER,Red Bull Racing,0.0000,2.1312,3,49
2022,16,Italian Grand Prix,VET,Aston Martin,2.2793,3.2065,2,28
2022,16,Italian Grand Prix,ZHO,Alfa Romeo,1.4076,1.0440,3,46
2022,17,Singapore Grand Prix,ALB,Williams,2.4925,3.4523,3,27
2022,17,Singapore Grand Prix,ALO,Alpine,0.9095,0.3331,3,23
2022,17,Singapore Grand Prix,BOT,Alfa Romeo,0.8227,2.7995,3,29
2022,17,Singapore Grand Prix,GAS,AlphaTauri,1.8345,4.0954,3,31
2022,17,Singapore Grand Prix,HAM,Mercedes,0.0000,1.3473,3,23
2022,17,Singapore Grand Prix,LAT,Williams,3.8660,3.4677,3,22
2022,17,Singapore Grand Prix,LEC,Ferrari,0.0000,1.5721,3,18
2022,17,Singapore Grand Prix,MAG,Haas F1 Team,1.7887,3.3636,3,27
2022,17,Singapore Grand Prix,MSC,Haas F1 Team,2.9594,5.0000,3,29
2022,17,Singapore Grand Prix,NOR,McLaren,1.3900,1.1265,3,21
2022,17,Singapore Grand Prix,OCO,Alpine,1.0186,3.1899,3,28
2022,17,Singapore Grand Prix,PER,Red Bull Racing,0.7823,2.5000,3,16
2022,17,Singapore Grand Prix,RIC,McLaren,2.6118,2.3073,3,24
2022,17,Singapore Grand Prix,RUS,Mercedes,1.0026,1.8057,3,28
2022,17,Singapore Grand Prix,SAI,Ferrari,0.0000,1.1715,3,26
2022,17,Singapore Grand Prix,STR,Aston Martin,1.3598,2.1450,3,18
2022,17,Singapore Grand Prix,TSU,AlphaTauri,2.5578,1.3772,3,26
2022,17,Singapore Grand Prix,VER,Red Bull Racing,0.3305,1.4123,3,17
2022,17,Singapore Grand Prix,VET,Aston Martin,1.6201,1.6362,3,29
2022,17,Singapore Grand Prix,ZHO,Alfa Romeo,1.8882,2.8159,3,28
2022,18,Japanese Grand Prix,ALB,Williams,1.4062,1.0117,3,29
2022,18,Japanese Grand Prix,ALO,Alpine,0.0000,1.0713,3,24
2022,18,Japanese Grand Prix,BOT,Alfa Romeo,1.4338,2.6573,3,33
2022,18,Japanese Grand Prix,GAS,AlphaTauri,2.4374,,3,23
2022,18,Japanese Grand Prix,HAM,Mercedes,0.2305,1.4065,3,28
2022,18,Japanese Grand Prix,LAT,Williams,2.4230,3.8087,3,32
2022,18,Japanese Grand Prix,LEC,Ferrari,0.3408,1.1527,3,28
2022,18,Japanese Grand Prix,MAG,Haas F1 Team,0.9878,3.5306,3,28
2022,18,Japanese Grand Prix,MSC,Haas F1 Team,1.4797,4.3224,2,21
2022,18,Japanese Grand Prix,NOR,McLaren,1.1867,0.0000,3,27
2022,18,Japanese Grand Prix,OCO,Alpine,0.7570,1.0656,3,22
2022,18,Japanese Grand Prix,PER,Red Bull Racing,0.8819,2.8840,3,32
2022,18,Japanese Grand Prix,RIC,McLaren,1.3113,0.7065,3,27
2022,18,Japanese Grand Prix,RUS,Mercedes,0.0000,0.7616,3,32
2022,18,Japanese Grand Prix,SAI,Ferrari,0.3081,1.3842,3,36
2022,18,Japanese Grand Prix,STR,Aston Martin,1.2871,3.9231,3,35
2022,18,Japanese Grand Prix,TSU,AlphaTauri,1.8815,1.2556,3,45
2022,18,Japanese Grand Prix,VER,Red Bull Racing,0.0000,2.6332,3,29
2022,18,Japanese Grand Prix,VET,Aston Martin,1.7106,2.4584,3,37
2022,18,Japanese Grand Prix,ZHO,Alfa Romeo,1.8904,3.4278,3,34
2022,19,United States Grand Prix,ALB,Williams,1.6158,0.2980,3,38
2022,19,United States Grand Prix,ALO,Alpine,0.8838,2.8092,3,41
2022,19,United States Grand Prix,BOT,Alfa Romeo,0.7386,2.2979,2,36
2022,19,United States Grand Prix,GAS,AlphaTauri,0.9839,2.5000,3,38
2022,19,United States Grand Prix,GIO,Haas F1 Team,5.0000,,1,2
2022,19,United States Grand Prix,HAM,Mercedes,0.4904,,3,34
2022,19,United States Grand Prix,LAT,Williams,2.2990,,2,26
2022,19,United States Grand Prix,LEC,Ferrari,0.0000,1.2299,2,30
2022,19,United States Grand Prix,MAG,Haas F1 Team,1.7678,,2,28
2022,19,United States Grand Prix,MSC,Haas F1 Team,2.1320,3.6120,3,37
2022,19,United States Grand Prix,NOR,McLaren,1.0314,2.6711,3,43
2022,19,United States Grand Prix,OCO,Alpine,1.2854,4.5311,3,42
2022,19,United States Grand Prix,PAL,McLaren,3.1531,1.6106,1,15
2022,19,United States Grand Prix,PER,Red Bull Racing,0.5969,,3,35
2022,19,United States Grand Prix,POU,Alfa Romeo,3.4257,3.3039,1,13
2022,19,United States Grand Prix,RIC,McLaren,0.8439,2.6421,2,38
2022,19,United States Grand Prix,RUS,Mercedes,0.9757,1.2227,3,43
2022,19,United States Grand Prix,SAI,Ferrari,0.0000,1.3636,3,41
2022,19,United States Grand Prix,SAR,Williams,3.5805,0.0000,1,14
2022,19,United States Grand Prix,SHW,Ferrari,2.1620,1.2172,1,13
2022,19,United States Grand Prix,STR,Aston Martin,0.6226,3.3088,3,43
2022,19,United States Grand Prix,TSU,AlphaTauri,2.1072,2.5000,3,42
2022,19,United States Grand Prix,VER,Red Bull Racing,0.0000,4.2127,3,34
2022,19,United States Grand Prix,VET,Aston Martin,1.2224,3.4430,3,43
2022,19,United States Grand Prix,ZHO,Alfa Romeo,1.4650,4.4250,3,29
2022,20,Mexico City Grand Prix,ALB,Williams,1.9362,,2,26
2022,20,Mexico City Grand Prix,ALO,Alpine,0.1845,0.5039,3,48
2022,20,Mexico City Grand Prix,BOT,Alfa Romeo,0.5412,0.0000,3,52
2022,20,Mexico City Grand Prix,DEV,Mercedes,4.9199,,1,8
2022,20,Mexico City Grand Prix,DOO,Alpine,4.7825,3.7147,1,8
2022,20,Mexico City Grand Prix,FIT,Haas F1 Team,5.0000,5.0000,1,5
2022,20,Mexico City Grand Prix,GAS,AlphaTauri,0.6898,1.2025,3,60
2022,20,Mexico City Grand Prix,HAM,Mercedes,0.1189,2.2852,3,42
2022,20,Mexico City Grand Prix,LAT,Williams,2.6736,3.0349,3,50
2022,20,Mexico City Grand Prix,LAW,AlphaTauri,3.8488,3.2944,1,12
2022,20,Mexico City Grand Prix,LEC,Ferrari,0.0000,2.0940,3,29
2022,20,Mexico City Grand Prix,MAG,Haas F1 Team,3.6633,2.8393,2,31
2022,20,Mexico City Grand Prix,MSC,Haas F1 Team,1.4848,2.9250,3,53
2022,20,Mexico City Grand Prix,NOR,McLaren,0.4545,2.7235,3,44
2022,20,Mexico City Grand Prix,OCO,Alpine,1.5093,1.9586,2,32
2022,20,Mexico City Grand Prix,PER,Red Bull Racing,0.0916,3.0296,3,50
2022,20,Mexico City Grand Prix,RIC,McLaren,1.2495,2.2042,3,40
2022,20,Mexico City Grand Prix,RUS,Mercedes,0.0000,0.0000,2,32
2022,20,Mexico City Grand Prix,SAI,Ferrari,1.1505,1.9889,3,45
2022,20,Mexico City Grand Prix,SAR,Williams,4.3255,2.6194,1,14
2022,20,Mexico City Grand Prix,STR,Aston Martin,1.3770,0.8194,3,36
2022,20,Mexico City Grand Prix,TSU,AlphaTauri,1.0354,0.8237,2,36
2022,20,Mexico City Grand Prix,VER,Red Bull Racing,0.0916,2.5000,3,47
2022,20,Mexico City Grand Prix,VET,Aston Martin,0.9560,2.6187,3,48
2022,20,Mexico City Grand Prix,ZHO,Alfa Romeo,1.3213,3.4486,3,49
2022,21,São Paulo Grand Prix,ALB,Williams,1.0855,2.7663,1,22
2022,21,São Paulo Grand Prix,ALO,Alpine,0.9756,1.1092,1,19
2022,21,São Paulo Grand Prix,BOT,Alfa Romeo,0.8531,2.4562,1,21
2022,21,São Paulo Grand Prix,GAS,AlphaTauri,0.8545,1.7616,1,23
2022,21,São Paulo Grand Prix,HAM,Mercedes,0.2603,1.4222,1,15
2022,21,São Paulo Grand Prix,LAT,Williams,1.6228,4.3361,1,23
2022,21,São Paulo Grand Prix,LEC,Ferrari,0.0056,0.0000,1,21
2022,21,São Paulo Grand Prix,MAG,Haas F1 Team,1.5921,0.0000,1,16
2022,21,São Paulo Grand Prix,MSC,Haas F1 Team,0.6416,0.4125,1,18
2022,21,São Paulo Grand Prix,NOR,McLaren,1.5337,1.7983,1,22
2022,21,São Paulo Grand Prix,OCO,Alpine,1.1858,0.9776,1,24
2022,21,São Paulo Grand Prix,PER,Red Bull Racing,0.0000,4.3442,1,19
2022,21,São Paulo Grand Prix,RIC,McLaren,2.0959,2.2431,1,22
2022,21,São Paulo Grand Prix,RUS,Mercedes,0.2811,1.1472,1,14
2022,21,São Paulo Grand Prix,SAI,Ferrari,0.2589,0.3020,1,20
2022,21,São Paulo Grand Prix,STR,Aston Martin,1.2609,1.5332,1,17
2022,21,São Paulo Grand Prix,TSU,AlphaTauri,2.0792,2.2237,1,20
2022,21,São Paulo Grand Prix,VER,Red Bull Racing,0.0111,4.0092,1,18
2022,21,São Paulo Grand Prix,VET,Aston Martin,0.4231,4.7866,1,21
2022,21,São Paulo Grand Prix,ZHO,Alfa Romeo,1.7564,2.5991,1,20
2022,22,Abu Dhabi Grand Prix,ALB,Williams,1.2579,4.0883,3,48
2022,22,Abu Dhabi Grand Prix,ALO,Alpine,1.0535,0.0377,2,29
2022,22,Abu Dhabi Grand Prix,BOT,Alfa Romeo,1.1797,0.0000,3,46
2022,22,Abu Dhabi Grand Prix,DOO,Alpine,2.1366,4.6352,1,17
2022,22,Abu Dhabi Grand Prix,DRU,Aston Martin,2.3536,2.3434,1,14
2022,22,Abu Dhabi Grand Prix,FIT,Haas F1 Team,1.8134,4.4964,1,19
2022,22,Abu Dhabi Grand Prix,GAS,AlphaTauri,1.3990,3.3333,3,45
2022,22,Abu Dhabi Grand Prix,HAM,Mercedes,0.0000,5.0000,3,30
2022,22,Abu Dhabi Grand Prix,KUB,Alfa Romeo,1.6518,1.1404,1,13
2022,22,Abu Dhabi Grand Prix,LAT,Williams,1.9581,1.3979,2,29
2022,22,Abu Dhabi Grand Prix,LAW,Red Bull Racing,0.6556,0.0000,1,12
2022,22,Abu Dhabi Grand Prix,LEC,Ferrari,0.2943,3.6419,3,43
2022,22,Abu Dhabi Grand Prix,MAG,Haas F1 Team,1.6168,5.0000,3,36
2022,22,Abu Dhabi Grand Prix,MSC,Haas F1 Team,1.7545,1.6260,2,29
2022,22,Abu Dhabi Grand Prix,NOR,McLaren,0.6307,0.2261,2,23
2022,22,Abu Dhabi Grand Prix,OCO,Alpine,1.0476,1.6667,3,48
2022,22,Abu Dhabi Grand Prix,OWA,McLaren,1.9819,1.4184,1,16
2022,22,Abu Dhabi Grand Prix,PER,Red Bull Racing,0.0000,5.0000,3,38
2022,22,Abu Dhabi Grand Prix,RIC,McLaren,1.1381,0.4325,3,28
2022,22,Abu Dhabi Grand Prix,RUS,Mercedes,0.2539,2.7509,3,47
2022,22,Abu Dhabi Grand Prix,SAI,Ferrari,0.7331,3.6104,2,30
2022,22,Abu Dhabi Grand Prix,SAR,Williams,1.6910,2.5050,1,17
2022,22,Abu Dhabi Grand Prix,SHW,Ferrari,0.9188,,1,13
2022,22,Abu Dhabi Grand Prix,STR,Aston Martin,1.5486,3.0360,2,26
2022,22,Abu Dhabi Grand Prix,TSU,AlphaTauri,1.3979,2.0495,3,54
2022,22,Abu Dhabi Grand Prix,VER,Red Bull Racing,0.0000,4.6210,2,21
2022,22,Abu Dhabi Grand Prix,VET,Aston Martin,0.7330,2.7591,3,34
2022,22,Abu Dhabi Grand Prix,ZHO,Alfa Romeo,1.5655,3.8674,2,32
2023,1,Bahrain Grand Prix,ALB,Williams,1.6699,,3,33
2023,1,Bahrain Grand Prix,ALO,Aston Martin,0.0000,0.1283,3,37
2023,1,Bahrain Grand Prix,BOT,Alfa Romeo,0.9746,1.5465,3,31
2023,1,Bahrain Grand Prix,DEV,AlphaTauri,1.8678,3.9084,3,43
2023,1,Bahrain Grand Prix,GAS,Alpine,0.6248,0.8364,3,39
2023,1,Bahrain Grand Prix,HAM,Mercedes,0.2328,1.2039,3,28
2023,1,Bahrain Grand Prix,HUL,Haas F1 Team,0.5159,0.7007,3,46
2023,1,Bahrain Grand Prix,LEC,Ferrari,0.3076,1.6222,3,30
2023,1,Bahrain Grand Prix,MAG,Haas F1 Team,1.1274,3.3807,3,39
2023,1,Bahrain Grand Prix,NOR,McLaren,0.7293,1.3453,3,35
2023,1,Bahrain Grand Prix,OCO,Alpine,0.7711,0.7150,3,43
2023,1,Bahrain Grand Prix,PER,Red Bull Racing,0.0000,0.5138,3,32
2023,1,Bahrain Grand Prix,PIA,McLaren,0.7635,2.2042,3,43
2023,1,Bahrain Grand Prix,RUS,Mercedes,0.4234,1.6765,3,36
2023,1,Bahrain Grand Prix,SAI,Ferrari,0.6552,2.8408,3,39
2023,1,Bahrain Grand Prix,SAR,Williams,1.4349,1.7495,3,41
2023,1,Bahrain Grand Prix,STR,Aston Martin,0.5973,3.4190,3,35
2023,1,Bahrain Grand Prix,TSU,AlphaTauri,1.2292,3.9136,3,41
2023,1,Bahrain Grand Prix,VER,Red Bull Racing,0.0054,0.1528,3,32
2023,1,Bahrain Grand Prix,ZHO,Alfa Romeo,0.7469,4.3296,3,26
2023,2,Saudi Arabian Grand Prix,ALB,Williams,1.4910,1.6984,3,43
2023,2,Saudi Arabian Grand Prix,ALO,Aston Martin,0.2321,2.9984,3,43
2023,2,Saudi Arabian Grand Prix,BOT,Alfa Romeo,1.6171,2.9120,3,48
2023,2,Saudi Arabian Grand Prix,DEV,AlphaTauri,1.4709,2.0905,2,40
2023,2,Saudi Arabian Grand Prix,GAS,Alpine,0.5547,0.1899,3,48
2023,2,Saudi Arabian Grand Prix,HAM,Mercedes,1.1116,3.4947,3,37
2023,2,Saudi Arabian Grand Prix,HUL,Haas F1 Team,0.6451,4.7071,3,41
2023,2,Saudi Arabian Grand Prix,LEC,Ferrari,0.8236,2.8003,3,44
2023,2,Saudi Arabian Grand Prix,MAG,Haas F1 Team,1.3582,4.1362,3,37
2023,2,Saudi Arabian Grand Prix,NOR,McLaren,1.2477,3.6470,3,33
2023,2,Saudi Arabian Grand Prix,OCO,Alpine,0.4866,0.5471,3,44
2023,2,Saudi Arabian Grand Prix,PER,Red Bull Racing,0.3337,4.8111,3,28
2023,2,Saudi Arabian Grand Prix,PIA,McLaren,1.3709,2.6356,3,47
2023,2,Saudi Arabian Grand Prix,RUS,Mercedes,0.5212,1.6667,3,48
2023,2,Saudi Arabian Grand Prix,SAI,Ferrari,1.1038,3.4196,3,36
2023,2,Saudi Arabian Grand Prix,SAR,Williams,1.7517,2.4366,3,48
2023,2,Saudi Arabian Grand Prix,STR,Aston Martin,0.5658,3.3541,3,45
2023,2,Saudi Arabian Grand Prix,TSU,AlphaTauri,1.3091,3.3432,3,46
2023,2,Saudi Arabian Grand Prix,VER,Red Bull Racing,0.0000,0.0000,3,38
2023,2,Saudi Arabian Grand Prix,ZHO,Alfa Romeo,1.3772,3.1612,3,44
2023,3,Australian Grand Prix,ALB,Williams,1.1178,1.6667,3,34
2023,3,Australian Grand Prix,ALO,Aston Martin,0.0000,,3,26
2023,3,Australian Grand Prix,BOT,Alfa Romeo,1.3712,0.6984,3,32
2023,3,Australian Grand Prix,DEV,AlphaTauri,1.4507,3.3267,3,32
2023,3,Australian Grand Prix,GAS,Alpine,0.8901,2.4121,3,30
2023,3,Australian Grand Prix,HAM,Mercedes,0.5081,3.3303,3,38
2023,3,Australian Grand Prix,HUL,Haas F1 Team,1.2895,1.7154,3,34
2023,3,Australian Grand Prix,LEC,Ferrari,0.5641,1.6667,3,30
2023,3,Australian Grand Prix,MAG,Haas F1 Team,2.9340,1.0544,3,35
2023,3,Australian Grand Prix,NOR,McLaren,0.9468,2.4704,3,30
2023,3,Australian Grand Prix,OCO,Alpine,0.9596,3.5160,3,30
2023,3,Australian Grand Prix,PER,Red Bull Racing,0.6384,,3,20
2023,3,Australian Grand Prix,PIA,McLaren,1.2477,2.0952,3,41
2023,3,Australian Grand Prix,RUS,Mercedes,0.7319,0.4288,3,39
2023,3,Australian Grand Prix,SAI,Ferrari,0.4939,3.8964,3,32
2023,3,Australian Grand Prix,SAR,Williams,1.5487,4.2151,2,21
2023,3,Australian Grand Prix,STR,Aston Martin,1.2387,,3,24
2023,3,Australian Grand Prix,TSU,AlphaTauri,1.6898,2.3016,3,31
2023,3,Australian Grand Prix,VER,Red Bull Racing,0.0000,3.9129,3,27
2023,3,Australian Grand Prix,ZHO,Alfa Romeo,0.7551,2.5250,3,39
2023,4,Azerbaijan Grand Prix,ALB,Williams,1.2833,0.1346,1,9
2023,4,Azerbaijan Grand Prix,ALO,Aston Martin,1.2168,,1,7
2023,4,Azerbaijan Grand Prix,BOT,Alfa Romeo,1.6566,,1,9
2023,4,Azerbaijan Grand Prix,DEV,AlphaTauri,1.0741,0.9896,1,8
2023,4,Azerbaijan Grand Prix,GAS,Alpine,5.0000,,1,1
2023,4,Azerbaijan Grand Prix,HAM,Mercedes,2.7474,0.6427,1,7
2023,4,Azerbaijan Grand Prix,HUL,Haas F1 Team,1.9626,,1,9
2023,4,Azerbaijan Grand Prix,LEC,Ferrari,0.0362,,1,8
2023,4,Azerbaijan Grand Prix,MAG,Haas F1 Team,5.0000,,1,1
2023,4,Azerbaijan Grand Prix,NOR,McLaren,1.7045,,1,6
2023,4,Azerbaijan Grand Prix,PER,Red Bull Racing,0.1359,,1,9
2023,4,Azerbaijan Grand Prix,PIA,McLaren,1.6273,,1,8
2023,4,Azerbaijan Grand Prix,RUS,Mercedes,2.7044,,1,7
2023,4,Azerbaijan Grand Prix,SAI,Ferrari,0.5708,,1,7
2023,4,Azerbaijan Grand Prix,SAR,Williams,2.5265,,1,5
2023,4,Azerbaijan Grand Prix,STR,Aston Martin,1.1142,0.0000,1,7
2023,4,Azerbaijan Grand Prix,TSU,AlphaTauri,1.7808,,1,5
2023,4,Azerbaijan Grand Prix,VER,Red Bull Racing,0.0000,,1,9
2023,4,Azerbaijan Grand Prix,ZHO,Alfa Romeo,1.4006,,1,8
2023,5,Miami Grand Prix,ALB,Williams,0.8963,3.1313,3,40
2023,5,Miami Grand Prix,ALO,Aston Martin,0.4589,0.0000,3,38
2023,5,Miami Grand Prix,BOT,Alfa Romeo,1.0522,0.8803,3,37
2023,5,Miami Grand Prix,DEV,AlphaTauri,1.8956,5.0000,3,33
2023,5,Miami Grand Prix,GAS,Alpine,0.9552,3.5399,3,39
2023,5,Miami Grand Prix,HAM,Mercedes,0.2352,0.7499,3,33
2023,5,Miami Grand Prix,HUL,Haas F1 Team,1.0990,3.4605,3,31
2023,5,Miami Grand Prix,LEC,Ferrari,0.1620,3.2299,3,41
2023,5,Miami Grand Prix,MAG,Haas F1 Team,1.0379,2.6948,3,34
2023,5,Miami Grand Prix,NOR,McLaren,0.5507,3.0864,3,35
2023,5,Miami Grand Prix,OCO,Alpine,0.7728,3.9146,3,52
2023,5,Miami Grand Prix,PER,Red Bull Racing,0.1858,3.3333,3,36
2023,5,Miami Grand Prix,PIA,McLaren,1.2283,0.7701,3,31
2023,5,Miami Grand Prix,RUS,Mercedes,0.0000,2.5000,3,30
2023,5,Miami Grand Prix,SAI,Ferrari,0.0680,2.4371,3,43
2023,5,Miami Grand Prix,SAR,Williams,1.9752,3.5018,3,37
2023,5,Miami Grand Prix,STR,Aston Martin,0.7648,3.2060,3,38
2023,5,Miami Grand Prix,TSU,AlphaTauri,1.5387,5.0000,3,43
2023,5,Miami Grand Prix,VER,Red Bull Racing,0.0000,0.1650,3,29
2023,5,Miami Grand Prix,ZHO,Alfa Romeo,1.0492,3.8527,3,36
2023,6,Monaco Grand Prix,ALB,Williams,1.5857,3.4102,3,44
2023,6,Monaco Grand Prix,ALO,Aston Martin,0.3036,3.3845,3,49
2023,6,Monaco Grand Prix,BOT,Alfa Romeo,0.8115,3.0745,3,45
2023,6,Monaco Grand Prix,DEV,AlphaTauri,1.6574,4.8017,3,61
2023,6,Monaco Grand Prix,GAS,Alpine,0.8653,0.4401,3,59
2023,6,Monaco Grand Prix,HAM,Mercedes,0.6873,2.4053,3,48
2023,6,Monaco Grand Prix,HUL,Haas F1 Team,1.2009,2.3193,3,48
2023,6,Monaco Grand Prix,LEC,Ferrari,0.0897,3.9316,3,45
2023,6,Monaco Grand Prix,MAG,Haas F1 Team,1.1652,1.9066,3,50
2023,6,Monaco Grand Prix,NOR,McLaren,0.6127,1.7889,3,41
2023,6,Monaco Grand Prix,OCO,Alpine,0.9660,0.1055,3,54
2023,6,Monaco Grand Prix,PER,Red Bull Racing,0.1003,2.6720,3,56
2023,6,Monaco Grand Prix,PIA,McLaren,1.6712,1.8692,3,51
2023,6,Monaco Grand Prix,RUS,Mercedes,1.0060,3.5781,3,48
2023,6,Monaco Grand Prix,SAI,Ferrari,0.0000,4.5121,3,46
2023,6,Monaco Grand Prix,SAR,Williams,1.4771,2.8168,3,53
2023,6,Monaco Grand Prix,STR,Aston Martin,0.2281,3.5674,3,50
2023,6,Monaco Grand Prix,TSU,AlphaTauri,1.3219,4.0201,3,48
2023,6,Monaco Grand Prix,VER,Red Bull Racing,0.0000,1.9093,3,51
2023,6,Monaco Grand Prix,ZHO,Alfa Romeo,1.2310,0.9921,3,39
2023,7,Spanish Grand Prix,ALB,Williams,1.5547,5.0000,3,43
2023,7,Spanish Grand Prix,ALO,Aston Martin,0.2300,0.7851,3,44
2023,7,Spanish Grand Prix,BOT,Alfa Romeo,0.7320,1.4494,3,46
2023,7,Spanish Grand Prix,DEV,AlphaTauri,1.1880,4.9844,3,49
2023,7,Spanish Grand Prix,GAS,Alpine,0.7442,1.3064,3,46
2023,7,Spanish Grand Prix,HAM,Mercedes,0.5539,2.4184,3,45
2023,7,Spanish Grand Prix,HUL,Haas F1 Team,0.3653,3.0808,3,48
2023,7,Spanish Grand Prix,LEC,Ferrari,0.4587,1.0685,3,46
2023,7,Spanish Grand Prix,MAG,Haas F1 Team,1.0906,5.0000,3,36
2023,7,Spanish Grand Prix,NOR,McLaren,1.0649,0.8832,3,52
2023,7,Spanish Grand Prix,OCO,Alpine,0.4533,1.0138,3,51
2023,7,Spanish Grand Prix,PER,Red Bull Racing,0.3394,3.2608,3,50
2023,7,Spanish Grand Prix,PIA,McLaren,0.9147,1.5533,3,49
2023,7,Spanish Grand Prix,RUS,Mercedes,0.6562,2.2335,3,53
2023,7,Spanish Grand Prix,SAI,Ferrari,0.4966,2.6900,3,51
2023,7,Spanish Grand Prix,SAR,Williams,2.0404,1.4753,3,45
2023,7,Spanish Grand Prix,STR,Aston Martin,1.4824,2.6510,3,43
2023,7,Spanish Grand Prix,TSU,AlphaTauri,1.2624,3.7258,3,54
2023,7,Spanish Grand Prix,VER,Red Bull Racing,0.0000,1.7642,3,49
2023,7,Spanish Grand Prix,ZHO,Alfa Romeo,0.9174,1.9478,3,41
2023,8,Canadian Grand Prix,ALB,Williams,1.7431,3.2186,2,37
2023,8,Canadian Grand Prix,ALO,Aston Martin,0.4422,1.3107,2,39
2023,8,Canadian Grand Prix,BOT,Alfa Romeo,0.6810,2.6855,2,41
2023,8,Canadian Grand Prix,DEV,AlphaTauri,1.7418,5.0000,2,37
2023,8,Canadian Grand Prix,GAS,Alpine,1.0296,2.8350,2,39
2023,8,Canadian Grand Prix,HAM,Mercedes,0.0000,3.6251,2,32
2023,8,Canadian Grand Prix,HUL,Haas F1 Team,2.4475,5.0000,2,20
2023,8,Canadian Grand Prix,LEC,Ferrari,0.3502,0.9921,2,39
2023,8,Canadian Grand Prix,MAG,Haas F1 Team,1.1205,2.8329,2,39
2023,8,Canadian Grand Prix,NOR,McLaren,1.2195,1.3041,2,41
2023,8,Canadian Grand Prix,OCO,Alpine,1.8639,2.1135,2,18
2023,8,Canadian Grand Prix,PER,Red Bull Racing,0.7217,3.2498,2,28
2023,8,Canadian Grand Prix,PIA,McLaren,1.1056,2.0510,2,41
2023,8,Canadian Grand Prix,RUS,Mercedes,0.0366,3.1812,2,31
2023,8,Canadian Grand Prix,SAI,Ferrari,0.1709,3.0253,2,37
2023,8,Canadian Grand Prix,SAR,Williams,2.3169,4.0099,2,38
2023,8,Canadian Grand Prix,STR,Aston Martin,0.9509,4.1250,2,35
2023,8,Canadian Grand Prix,TSU,AlphaTauri,1.6590,2.8144,2,44
2023,8,Canadian Grand Prix,VER,Red Bull Racing,0.0000,0.6144,2,39
2023,8,Canadian Grand Prix,ZHO,Alfa Romeo,1.4827,3.6907,2,41
2023,9,Austrian Grand Prix,ALB,Williams,1.6002,4.8073,1,14
2023,9,Austrian Grand Prix,ALO,Aston Martin,1.3903,2.4565,1,22
2023,9,Austrian Grand Prix,BOT,Alfa Romeo,1.6808,3.4672,1,23
2023,9,Austrian Grand Prix,DEV,AlphaTauri,1.9394,3.4964,1,27
2023,9,Austrian Grand Prix,GAS,Alpine,2.3501,0.0000,1,16
2023,9,Austrian Grand Prix,HAM,Mercedes,0.7742,1.3614,1,21
2023,9,Austrian Grand Prix,HUL,Haas F1 Team,1.6793,1.2283,1,22
2023,9,Austrian Grand Prix,LEC,Ferrari,0.4107,3.8469,1,24
2023,9,Austrian Grand Prix,MAG,Haas F1 Team,1.1484,2.4945,1,18
2023,9,Austrian Grand Prix,NOR,McLaren,2.4733,1.0895,1,11
2023,9,Austrian Grand Prix,OCO,Alpine,2.2208,2.2185,1,21
2023,9,Austrian Grand Prix,PER,Red Bull Racing,0.7910,4.1024,1,21
2023,9,Austrian Grand Prix,PIA,McLaren,1.6230,0.0000,1,23
2023,9,Austrian Grand Prix,RUS,Mercedes,1.4511,0.4905,1,19
2023,9,Austrian Grand Prix,SAI,Ferrari,0.3666,1.6396,1,21
2023,9,Austrian Grand Prix,SAR,Williams,1.9409,4.5580,1,16
2023,9,Austrian Grand Prix,STR,Aston Martin,0.9096,0.0686,1,16
2023,9,Austrian Grand Prix,TSU,AlphaTauri,1.8907,3.7388,1,25
2023,9,Austrian Grand Prix,VER,Red Bull Racing,0.0000,0.0000,1,21
2023,9,Austrian Grand Prix,ZHO,Alfa Romeo,1.5789,3.4380,1,22
2023,10,British Grand Prix,ALB,Williams,0.1979,4.6910,3,34
2023,10,British Grand Prix,ALO,Aston Martin,0.4175,4.9093,3,38
2023,10,British Grand Prix,BOT,Alfa Romeo,1.4760,0.4951,3,38
2023,10,British Grand Prix,DEV,AlphaTauri,1.2314,4.8101,3,47
2023,10,British Grand Prix,GAS,Alpine,0.5422,0.1785,3,41
2023,10,British Grand Prix,HAM,Mercedes,0.6051,4.5350,3,33
2023,10,British Grand Prix,HUL,Haas F1 Team,0.9106,4.4237,3,39
2023,10,British Grand Prix,LEC,Ferrari,0.0000,0.7801,2,25
2023,10,British Grand Prix,MAG,Haas F1 Team,1.5452,2.4936,3,21
2023,10,British Grand Prix,NOR,McLaren,0.9492,0.1801,3,36
2023,10,British Grand Prix,OCO,Alpine,0.8115,1.7196,3,41
2023,10,British Grand Prix,PER,Red Bull Racing,0.2997,3.5660,3,40
2023,10,British Grand Prix,PIA,McLaren,0.9628,0.0000,3,36
2023,10,British Grand Prix,RUS,Mercedes,0.9895,0.0000,3,37
2023,10,British Grand Prix,SAI,Ferrari,0.0250,3.5740,3,41
2023,10,British Grand Prix,SAR,Williams,0.7811,1.2765,3,39
2023,10,British Grand Prix,STR,Aston Martin,0.8947,1.0199,3,42
2023,10,British Grand Prix,TSU,AlphaTauri,1.0501,3.6518,3,46
2023,10,British Grand Prix,VER,Red Bull Racing,0.0000,2.7504,3,40
2023,10,British Grand Prix,ZHO,Alfa Romeo,1.3023,5.0000,2,28
2023,11,Hungarian Grand Prix,ALB,Williams,0.8895,4.1481,3,32
2023,11,Hungarian Grand Prix,ALO,Aston Martin,0.5394,3.7406,3,31
2023,11,Hungarian Grand Prix,BOT,Alfa Romeo,0.5136,1.5476,3,33
2023,11,Hungarian Grand Prix,GAS,Alpine,0.2986,4.3536,2,33
2023,11,Hungarian Grand Prix,HAM,Mercedes,0.0000,4.3302,2,26
2023,11,Hungarian Grand Prix,HUL,Haas F1 Team,0.3419,2.8240,3,41
2023,11,Hungarian Grand Prix,LEC,Ferrari,0.0000,2.3823,3,34
2023,11,Hungarian Grand Prix,MAG,Haas F1 Team,1.0530,3.1369,3,41
2023,11,Hungarian Grand Prix,NOR,McLaren,0.0193,1.9951,3,39
2023,11,Hungarian Grand Prix,OCO,Alpine,0.4621,4.5288,2,37
2023,11,Hungarian Grand Prix,PER,Red Bull Racing,0.3290,3.3688,2,21
2023,11,Hungarian Grand Prix,PIA,McLaren,0.3634,1.8307,3,29
2023,11,Hungarian Grand Prix,RIC,AlphaTauri,0.8998,2.7003,2,39
2023,11,Hungarian Grand Prix,RUS,Mercedes,0.0000,2.0973,3,32
2023,11,Hungarian Grand Prix,SAI,Ferrari,0.5436,2.4492,2,29
2023,11,Hungarian Grand Prix,SAR,Williams,1.2890,4.7166,3,34
2023,11,Hungarian Grand Prix,STR,Aston Martin,0.8148,0.8757,3,38
2023,11,Hungarian Grand Prix,TSU,AlphaTauri,0.3192,2.1932,2,43
2023,11,Hungarian Grand Prix,VER,Red Bull Racing,0.3213,1.4938,2,23
2023,11,Hungarian Grand Prix,ZHO,Alfa Romeo,0.5432,0.0000,3,28
2023,13,Dutch Grand Prix,ALB,Williams,0.3771,3.0356,3,51
2023,13,Dutch Grand Prix,ALO,Aston Martin,0.3869,0.8063,3,41
2023,13,Dutch Grand Prix,BOT,Alfa Romeo,0.7388,1.6341,3,52
2023,13,Dutch Grand Prix,GAS,Alpine,0.6112,1.6189,3,52
2023,13,Dutch Grand Prix,HAM,Mercedes,0.4318,4.1134,3,41
2023,13,Dutch Grand Prix,HUL,Haas F1 Team,1.9108,2.7982,3,39
2023,13,Dutch Grand Prix,LAW,AlphaTauri,5.0000,5.0000,1,15
2023,13,Dutch Grand Prix,LEC,Ferrari,0.8201,1.6575,3,43
2023,13,Dutch Grand Prix,MAG,Haas F1 Team,1.5057,2.1994,2,37
2023,13,Dutch Grand Prix,NOR,McLaren,0.0000,0.8928,3,44
2023,13,Dutch Grand Prix,OCO,Alpine,0.9407,2.6405,3,50
2023,13,Dutch Grand Prix,PER,Red Bull Racing,0.6555,2.3564,3,52
2023,13,Dutch Grand Prix,PIA,McLaren,1.1218,0.3334,3,29
2023,13,Dutch Grand Prix,RIC,AlphaTauri,1.5838,2.9752,2,21
2023,13,Dutch Grand Prix,RUS,Mercedes,0.4643,0.2336,3,39
2023,13,Dutch Grand Prix,SAI,Ferrari,1.0697,1.4492,2,29
2023,13,Dutch Grand Prix,SAR,Williams,0.8468,2.0676,3,56
2023,13,Dutch Grand Prix,SHW,Ferrari,4.1071,2.9087,1,18
2023,13,Dutch Grand Prix,STR,Aston Martin,0.7080,0.0000,2,29
2023,13,Dutch Grand Prix,TSU,AlphaTauri,0.5468,2.6972,3,41
2023,13,Dutch Grand Prix,VER,Red Bull Racing,0.0000,1.9957,3,50
2023,13,Dutch Grand Prix,ZHO,Alfa Romeo,1.0430,1.6218,3,29
2023,14,Italian Grand Prix,ALB,Williams,0.7670,2.7754,3,28
2023,14,Italian Grand Prix,ALO,Aston Martin,0.6739,2.5000,3,36
2023,14,Italian Grand Prix,BOT,Alfa Romeo,1.5242,0.1738,3,38
2023,14,Italian Grand Prix,DRU,Aston Martin,1.7942,0.9636,1,15
2023,14,Italian Grand Prix,GAS,Alpine,1.5413,4.4839,3,42
2023,14,Italian Grand Prix,HAM,Mercedes,0.6686,0.7958,3,39
2023,14,Italian Grand Prix,HUL,Haas F1 Team,1.1505,4.0145,3,37
2023,14,Italian Grand Prix,LAW,AlphaTauri,1.4227,4.6646,3,51
2023,14,Italian Grand Prix,LEC,Ferrari,0.3738,1.3230,3,39
2023,14,Italian Grand Prix,MAG,Haas F1 Team,1.2013,3.4801,3,32
2023,14,Italian Grand Prix,NOR,McLaren,0.0234,2.3101,3,35
2023,14,Italian Grand Prix,OCO,Alpine,1.6729,1.0601,3,38
2023,14,Italian Grand Prix,PER,Red Bull Racing,0.2141,0.9495,3,41
2023,14,Italian Grand Prix,PIA,McLaren,0.2335,2.4180,3,30
2023,14,Italian Grand Prix,RUS,Mercedes,0.6436,3.0079,3,42
2023,14,Italian Grand Prix,SAI,Ferrari,0.0000,1.1996,3,42
2023,14,Italian Grand Prix,SAR,Williams,1.2147,2.0044,3,33
2023,14,Italian Grand Prix,STR,Aston Martin,1.6475,5.0000,1,23
2023,14,Italian Grand Prix,TSU,AlphaTauri,0.7428,4.7039,3,38
2023,14,Italian Grand Prix,VER,Red Bull Racing,0.0000,1.8554,3,43
2023,14,Italian Grand Prix,ZHO,Alfa Romeo,1.9055,1.1093,3,40
2023,15,Singapore Grand Prix,ALB,Williams,1.3415,5.0000,3,19
2023,15,Singapore Grand Prix,ALO,Aston Martin,0.3886,2.5903,3,43
2023,15,Singapore Grand Prix,BOT,Alfa Romeo,1.0693,0.9718,3,48
2023,15,Singapore Grand Prix,GAS,Alpine,1.3209,1.6842,3,35
2023,15,Singapore Grand Prix,HAM,Mercedes,0.2035,2.9117,3,27
2023,15,Singapore Grand Prix,HUL,Haas F1 Team,0.8271,4.2088,3,35
2023,15,Singapore Grand Prix,LAW,AlphaTauri,1.2647,2.3285,3,40
2023,15,Singapore Grand Prix,LEC,Ferrari,0.0000,1.8684,3,36
2023,15,Singapore Grand Prix,MAG,Haas F1 Team,0.9074,4.5189,3,34
2023,15,Singapore Grand Prix,NOR,McLaren,0.1834,0.5556,3,33
2023,15,Singapore Grand Prix,OCO,Alpine,0.7670,1.2190,3,35
2023,15,Singapore Grand Prix,PER,Red Bull Racing,0.4017,3.2107,3,30
2023,15,Singapore Grand Prix,PIA,McLaren,0.6469,3.4185,3,32
2023,15,Singapore Grand Prix,RUS,Mercedes,0.0000,3.1413,3,36
2023,15,Singapore Grand Prix,SAI,Ferrari,0.0000,1.5571,3,39
2023,15,Singapore Grand Prix,SAR,Williams,1.7084,4.0411,3,38
2023,15,Singapore Grand Prix,STR,Aston Martin,1.0767,1.9559,3,38
2023,15,Singapore Grand Prix,TSU,AlphaTauri,0.7413,1.7159,3,37
2023,15,Singapore Grand Prix,VER,Red Bull Racing,0.1350,3.2711,3,32
2023,15,Singapore Grand Prix,ZHO,Alfa Romeo,1.5795,3.1446,3,45
2023,16,Japanese Grand Prix,ALB,Williams,0.9560,0.4658,3,31
2023,16,Japanese Grand Prix,ALO,Aston Martin,0.8866,1.9876,3,32
2023,16,Japanese Grand Prix,BOT,Alfa Romeo,1.1589,0.2381,3,34
2023,16,Japanese Grand Prix,GAS,Alpine,1.6171,0.3778,3,29
2023,16,Japanese Grand Prix,HAM,Mercedes,0.9882,0.7079,3,26
2023,16,Japanese Grand Prix,HUL,Haas F1 Team,1.2229,1.1847,3,31
2023,16,Japanese Grand Prix,LAW,AlphaTauri,1.4818,2.6183,3,42
2023,16,Japanese Grand Prix,LEC,Ferrari,0.3529,0.3698,3,40
2023,16,Japanese Grand Prix,MAG,Haas F1 Team,1.6331,2.7188,3,31
2023,16,Japanese Grand Prix,NOR,McLaren,0.2659,0.0000,3,34
2023,16,Japanese Grand Prix,OCO,Alpine,1.2196,1.0556,3,29
2023,16,Japanese Grand Prix,PER,Red Bull Racing,0.8165,1.1846,3,33
2023,16,Japanese Grand Prix,PIA,McLaren,0.3191,0.0553,3,36
2023,16,Japanese Grand Prix,RUS,Mercedes,0.7057,0.5917,3,28
2023,16,Japanese Grand Prix,SAI,Ferrari,0.6054,0.8873,3,38
2023,16,Japanese Grand Prix,SAR,Williams,1.7996,2.1221,3,42
2023,16,Japanese Grand Prix,STR,Aston Martin,1.1942,,3,20
2023,16,Japanese Grand Prix,TSU,AlphaTauri,1.0366,0.4985,3,35
2023,16,Japanese Grand Prix,VER,Red Bull Racing,0.0000,,3,28
2023,16,Japanese Grand Prix,ZHO,Alfa Romeo,1.5521,1.3025,3,26
2023,17,Qatar Grand Prix,ALB,Williams,1.3291,0.0000,1,20
2023,17,Qatar Grand Prix,ALO,Aston Martin,0.5616,0.0553,1,20
2023,17,Qatar Grand Prix,BOT,Alfa Romeo,1.8449,1.0892,1,21
2023,17,Qatar Grand Prix,GAS,Alpine,1.5933,0.0000,1,15
2023,17,Qatar Grand Prix,HAM,Mercedes,1.4309,0.5924,1,18
2023,17,Qatar Grand Prix,HUL,Haas F1 Team,0.8498,2.3185,1,12
2023,17,Qatar Grand Prix,LAW,AlphaTauri,2.0703,1.9200,1,19
2023,17,Qatar Grand Prix,LEC,Ferrari,0.5502,2.2448,1,19
2023,17,Qatar Grand Prix,MAG,Haas F1 Team,2.3722,1.0493,1,18
2023,17,Qatar Grand Prix,NOR,McLaren,1.1587,,1,14
2023,17,Qatar Grand Prix,OCO,Alpine,1.4915,3.5313,1,18
2023,17,Qatar Grand Prix,PER,Red Bull Racing,0.6726,5.0000,1,14
2023,17,Qatar Grand Prix,PIA,McLaren,1.0889,2.8958,1,12
2023,17,Qatar Grand Prix,RUS,Mercedes,1.0386,0.4686,1,20
2023,17,Qatar Grand Prix,SAI,Ferrari,0.3820,4.4266,1,19
2023,17,Qatar Grand Prix,SAR,Williams,1.2833,0.0000,1,19
2023,17,Qatar Grand Prix,STR,Aston Martin,1.4435,2.5200,1,18
2023,17,Qatar Grand Prix,TSU,AlphaTauri,0.6851,0.9075,1,18
2023,17,Qatar Grand Prix,VER,Red Bull Racing,0.0000,3.8485,1,18
2023,17,Qatar Grand Prix,ZHO,Alfa Romeo,1.9193,1.7772,1,23
2024,13,Hungarian Grand Prix,ALB,Williams,0.7398,1.0581,3,30
2024,13,Hungarian Grand Prix,ALO,Aston Martin,0.6254,1.6593,3,39
2024,13,Hungarian Grand Prix,BEA,Haas F1 Team,2.1064,0.3940,1,13
2024,13,Hungarian Grand Prix,BOT,Kick Sauber,0.7113,1.6137,3,43
2024,13,Hungarian Grand Prix,GAS,Alpine,1.0983,0.8695,3,37
2024,13,Hungarian Grand Prix,HAM,Mercedes,0.7292,0.2280,3,33
2024,13,Hungarian Grand Prix,HUL,Haas F1 Team,0.7858,1.5804,2,18
2024,13,Hungarian Grand Prix,LEC,Ferrari,0.3786,,3,28
2024,13,Hungarian Grand Prix,MAG,Haas F1 Team,0.3640,1.1659,3,37
2024,13,Hungarian Grand Prix,NOR,McLaren,0.0000,0.1520,3,34
2024,13,Hungarian Grand Prix,OCO,Alpine,0.9266,0.6111,3,41
2024,13,Hungarian Grand Prix,PER,Red Bull Racing,0.2871,0.0000,3,34
2024,13,Hungarian Grand Prix,PIA,McLaren,0.0578,0.0000,3,36
2024,13,Hungarian Grand Prix,RIC,RB,0.4357,0.5127,3,33
2024,13,Hungarian Grand Prix,RUS,Mercedes,0.5387,0.6124,3,31
2024,13,Hungarian Grand Prix,SAI,Ferrari,0.0000,0.8285,3,38
2024,13,Hungarian Grand Prix,SAR,Williams,0.7433,1.8837,3,33
2024,13,Hungarian Grand Prix,STR,Aston Martin,0.7013,3.7188,3,45
2024,13,Hungarian Grand Prix,TSU,RB,0.6949,,3,24
2024,13,Hungarian Grand Prix,VER,Red Bull Racing,0.0000,0.0665,3,35
2024,13,Hungarian Grand Prix,ZHO,Kick Sauber,0.5933,2.1495,3,32
2024,14,Belgian Grand Prix,ALB,Williams,0.7033,0.7374,3,26
2024,14,Belgian Grand Prix,ALO,Aston Martin,1.2498,1.3286,2,21
2024,14,Belgian Grand Prix,BOT,Kick Sauber,1.3837,1.7009,2,24
2024,14,Belgian Grand Prix,GAS,Alpine,1.3244,2.0762,3,21
2024,14,Belgian Grand Prix,HAM,Mercedes,0.8774,2.3334,2,25
2024,14,Belgian Grand Prix,HUL,Haas F1 Team,1.5509,4.0228,2,23
2024,14,Belgian Grand Prix,LEC,Ferrari,0.5642,1.2988,2,26
2024,14,Belgian Grand Prix,MAG,Haas F1 Team,1.1979,3.6224,3,23
2024,14,Belgian Grand Prix,NOR,McLaren,0.0000,1.9786,3,22
2024,14,Belgian Grand Prix,OCO,Alpine,1.1158,1.1398,2,15
2024,14,Belgian Grand Prix,PER,Red Bull Racing,0.9258,0.8146,2,25
2024,14,Belgian Grand Prix,PIA,McLaren,0.2102,1.3262,3,32
2024,14,Belgian Grand Prix,RIC,RB,1.5265,2.6120,3,21
2024,14,Belgian Grand Prix,RUS,Mercedes,0.8252,1.7590,2,26
2024,14,Belgian Grand Prix,SAI,Ferrari,0.8195,0.2830,2,27
2024,14,Belgian Grand Prix,SAR,Williams,1.8757,1.0789,3,25
2024,14,Belgian Grand Prix,STR,Aston Martin,1.2439,0.8846,3,22
2024,14,Belgian Grand Prix,TSU,RB,2.0419,1.8686,3,28
2024,14,Belgian Grand Prix,VER,Red Bull Racing,0.0000,0.0000,3,30
2024,14,Belgian Grand Prix,ZHO,Kick Sauber,1.9969,3.9607,2,24
2024,15,Dutch Grand Prix,ALB,Williams,1.1573,3.9582,3,32
2024,15,Dutch Grand Prix,ALO,Aston Martin,0.9264,3.1759,3,32
2024,15,Dutch Grand Prix,BOT,Kick Sauber,1.0509,1.7512,2,26
2024,15,Dutch Grand Prix,GAS,Alpine,0.0000,1.3536,3,30
2024,15,Dutch Grand Prix,HAM,Mercedes,0.1570,4.3315,3,25
2024,15,Dutch Grand Prix,HUL,Haas F1 Team,1.7159,5.0000,3,17
2024,15,Dutch Grand Prix,LEC,Ferrari,1.0481,4.2812,3,31
2024,15,Dutch Grand Prix,MAG,Haas F1 Team,0.1731,0.3266,3,37
2024,15,Dutch Grand Prix,NOR,McLaren,0.0000,2.5940,3,34
2024,15,Dutch Grand Prix,OCO,Alpine,1.6586,1.6191,3,36
2024,15,Dutch Grand Prix,PER,Red Bull Racing,1.2432,2.5123,2,26
2024,15,Dutch Grand Prix,PIA,McLaren,0.0863,0.7522,3,37
2024,15,Dutch Grand Prix,RIC,RB,1.3126,3.4970,3,33
2024,15,Dutch Grand Prix,RUS,Mercedes,0.0000,2.6546,3,32
2024,15,Dutch Grand Prix,SAI,Ferrari,1.0398,,3,11
2024,15,Dutch Grand Prix,SAR,Williams,1.5785,4.8775,3,32
2024,15,Dutch Grand Prix,SHW,Kick Sauber,3.2300,,1,7
2024,15,Dutch Grand Prix,STR,Aston Martin,1.2362,2.5000,3,31
2024,15,Dutch Grand Prix,TSU,RB,0.9505,0.0000,2,31
2024,15,Dutch Grand Prix,VER,Red Bull Racing,0.2779,2.5000,3,32
2024,15,Dutch Grand Prix,ZHO,Kick Sauber,1.7425,3.9434,3,31
2024,16,Italian Grand Prix,ALB,Williams,0.5979,1.3785,3,34
2024,16,Italian Grand Prix,ALO,Aston Martin,0.7159,1.3599,3,28
2024,16,Italian Grand Prix,ANT,Mercedes,2.7903,,1,1
2024,16,Italian Grand Prix,BOT,Kick Sauber,0.5522,1.3205,3,38
2024,16,Italian Grand Prix,COL,Williams,0.9836,2.9332,3,29
2024,16,Italian Grand Prix,GAS,Alpine,1.2956,5.0000,3,38
2024,16,Italian Grand Prix,HAM,Mercedes,0.0000,1.1915,3,33
2024,16,Italian Grand Prix,HUL,Haas F1 Team,0.4979,1.2162,3,35
2024,16,Italian Grand Prix,LEC,Ferrari,0.1361,0.9276,3,37
2024,16,Italian Grand Prix,MAG,Haas F1 Team,0.9426,,3,25
2024,16,Italian Grand Prix,NOR,McLaren,0.0037,0.4199,3,35
2024,16,Italian Grand Prix,OCO,Alpine,1.3984,0.7063,3,27
2024,16,Italian Grand Prix,PER,Red Bull Racing,0.7775,1.5791,3,33
2024,16,Italian Grand Prix,PIA,McLaren,0.1486,2.7739,3,31
2024,16,Italian Grand Prix,RIC,RB,0.6961,,3,26
2024,16,Italian Grand Prix,RUS,Mercedes,0.1161,0.0000,2,23
2024,16,Italian Grand Prix,SAI,Ferrari,0.1276,0.8740,3,35
2024,16,Italian Grand Prix,STR,Aston Martin,0.7741,0.6270,3,35
2024,16,Italian Grand Prix,TSU,RB,1.2349,2.1162,3,28
2024,16,Italian Grand Prix,VER,Red Bull Racing,0.0000,1.0759,3,39
2024,16,Italian Grand Prix,ZHO,Kick Sauber,1.4423,3.8239,3,36
2024,17,Azerbaijan Grand Prix,ALB,Williams,0.6633,0.7207,3,16
2024,17,Azerbaijan Grand Prix,ALO,Aston Martin,0.9365,2.1977,3,24
2024,17,Azerbaijan Grand Prix,BEA,Haas F1 Team,1.0272,1.0721,2,18
2024,17,Azerbaijan Grand Prix,BOT,Kick Sauber,1.2572,1.5591,3,22
2024,17,Azerbaijan Grand Prix,COL,Williams,0.7062,0.8233,3,16
2024,17,Azerbaijan Grand Prix,GAS,Alpine,1.3286,1.1128,3,23
2024,17,Azerbaijan Grand Prix,HAM,Mercedes,0.0638,,3,12
2024,17,Azerbaijan Grand Prix,HUL,Haas F1 Team,0.9576,1.9183,3,21
2024,17,Azerbaijan Grand Prix,LEC,Ferrari,0.0000,,3,14
2024,17,Azerbaijan Grand Prix,NOR,McLaren,0.2175,0.1269,3,19
2024,17,Azerbaijan Grand Prix,OCO,Alpine,2.2477,,1,9
2024,17,Azerbaijan Grand Prix,PER,Red Bull Racing,0.0058,0.0000,3,19
2024,17,Azerbaijan Grand Prix,PIA,McLaren,0.2292,0.5997,3,22
2024,17,Azerbaijan Grand Prix,RIC,RB,1.0810,1.9755,3,26
2024,17,Azerbaijan Grand Prix,RUS,Mercedes,0.0000,,3,21
2024,17,Azerbaijan Grand Prix,SAI,Ferrari,0.4503,0.3005,3,20
2024,17,Azerbaijan Grand Prix,STR,Aston Martin,0.5885,1.0276,3,19
2024,17,Azerbaijan Grand Prix,TSU,RB,0.9647,1.4908,3,23
2024,17,Azerbaijan Grand Prix,VER,Red Bull Racing,0.0000,0.7766,3,22
2024,17,Azerbaijan Grand Prix,ZHO,Kick Sauber,2.2972,,3,20
2024,18,Singapore Grand Prix,ALB,Williams,0.7498,3.7205,3,29
2024,18,Singapore Grand Prix,ALO,Aston Martin,0.9230,0.2451,3,38
2024,18,Singapore Grand Prix,BOT,Kick Sauber,1.8766,3.5080,3,36
2024,18,Singapore Grand Prix,COL,Williams,0.9317,1.3103,3,32
2024,18,Singapore Grand Prix,GAS,Alpine,1.0146,3.2582,3,40
2024,18,Singapore Grand Prix,HAM,Mercedes,0.9982,4.4229,3,31
2024,18,Singapore Grand Prix,HUL,Haas F1 Team,1.0361,3.9821,3,29
2024,18,Singapore Grand Prix,LEC,Ferrari,0.0000,5.0000,3,32
2024,18,Singapore Grand Prix,MAG,Haas F1 Team,1.1750,1.9870,3,29
2024,18,Singapore Grand Prix,NOR,McLaren,0.0000,1.4925,3,33
2024,18,Singapore Grand Prix,OCO,Alpine,0.9285,2.7253,3,41
2024,18,Singapore Grand Prix,PER,Red Bull Racing,0.9600,4.4954,3,29
2024,18,Singapore Grand Prix,PIA,McLaren,0.6604,2.8187,3,31
2024,18,Singapore Grand Prix,RIC,RB,0.6669,2.6177,3,31
2024,18,Singapore Grand Prix,RUS,Mercedes,0.5343,4.7123,3,32
2024,18,Singapore Grand Prix,SAI,Ferrari,0.2060,1.3007,3,35
2024,18,Singapore Grand Prix,STR,Aston Martin,1.1061,2.5000,3,32
2024,18,Singapore Grand Prix,TSU,RB,0.5449,3.3596,3,37
2024,18,Singapore Grand Prix,VER,Red Bull Racing,0.3640,3.1959,3,26
2024,18,Singapore Grand Prix,ZHO,Kick Sauber,1.7988,4.6510,3,33
2024,19,United States Grand Prix,ALB,Williams,1.0854,2.5696,1,14
2024,19,United States Grand Prix,ALO,Aston Martin,0.5449,1.3559,1,10
2024,19,United States Grand Prix,BOT,Kick Sauber,1.5374,,1,15
2024,19,United States Grand Prix,COL,Williams,1.7585,2.2626,1,15
2024,19,United States Grand Prix,GAS,Alpine,0.8258,2.0810,1,14
2024,19,United States Grand Prix,HAM,Mercedes,0.3857,,1,10
2024,19,United States Grand Prix,HUL,Haas F1 Team,0.8141,2.4664,1,15
2024,19,United States Grand Prix,LAW,RB,0.8985,3.1817,1,17
2024,19,United States Grand Prix,LEC,Ferrari,0.0224,0.0000,1,16
2024,19,United States Grand Prix,MAG,Haas F1 Team,0.5278,2.3393,1,12
2024,19,United States Grand Prix,NOR,McLaren,0.2842,1.0727,1,15
2024,19,United States Grand Prix,OCO,Alpine,1.2863,2.0883,1,15
2024,19,United States Grand Prix,PER,Red Bull Racing,1.1068,5.0000,1,13
2024,19,United States Grand Prix,PIA,McLaren,0.3269,1.7729,1,15
2024,19,United States Grand Prix,RUS,Mercedes,0.5246,1.1562,1,14
2024,19,United States Grand Prix,SAI,Ferrari,0.0000,0.9523,1,14
2024,19,United States Grand Prix,STR,Aston Martin,1.0865,1.7392,1,12
2024,19,United States Grand Prix,TSU,RB,0.7596,3.4442,1,12
2024,19,United States Grand Prix,VER,Red Bull Racing,0.2703,,1,11
2024,19,United States Grand Prix,ZHO,Kick Sauber,3.8642,,1,7
2025,4,Bahrain Grand Prix,ALB,Williams,0.7768,1.4265,3,37
2025,4,Bahrain Grand Prix,ALO,Aston Martin,1.4585,0.0000,2,18
2025,4,Bahrain Grand Prix,ANT,Mercedes,0.7977,1.9301,3,22
2025,4,Bahrain Grand Prix,BEA,Haas F1 Team,1.1922,2.9086,2,26
2025,4,Bahrain Grand Prix,BEG,Ferrari,1.9860,0.0000,1,13
2025,4,Bahrain Grand Prix,BOR,Kick Sauber,1.3999,2.8177,3,30
2025,4,Bahrain Grand Prix,BRO,Williams,1.8036,,1,4
2025,4,Bahrain Grand Prix,DOO,Alpine,1.2789,1.6138,3,32
2025,4,Bahrain Grand Prix,DRU,Aston Martin,2.1394,,1,8
2025,4,Bahrain Grand Prix,GAS,Alpine,0.2554,3.1244,3,35
2025,4,Bahrain Grand Prix,HAD,Racing Bulls,0.8099,0.5408,3,27
2025,4,Bahrain Grand Prix,HAM,Ferrari,0.6395,1.4714,3,31
2025,4,Bahrain Grand Prix,HIR,Haas F1 Team,2.2070,0.0000,1,10
2025,4,Bahrain Grand Prix,HUL,Kick Sauber,1.1351,2.8558,3,30
2025,4,Bahrain Grand Prix,IWA,Red Bull Racing,2.4366,,1,8
2025,4,Bahrain Grand Prix,LAW,Racing Bulls,1.2800,0.8810,3,32
2025,4,Bahrain Grand Prix,LEC,Ferrari,0.5967,0.0000,2,23
2025,4,Bahrain Grand Prix,NOR,McLaren,0.0000,1.7189,3,41
2025,4,Bahrain Grand Prix,OCO,Haas F1 Team,1.0515,0.6621,3,30
2025,4,Bahrain Grand Prix,PIA,McLaren,0.0000,0.0109,3,38
2025,4,Bahrain Grand Prix,RUS,Mercedes,0.5823,1.6345,2,18
2025,4,Bahrain Grand Prix,SAI,Williams,1.2353,1.0690,2,22
2025,4,Bahrain Grand Prix,STR,Aston Martin,2.0514,2.9251,3,33
2025,4,Bahrain Grand Prix,TSU,Red Bull Racing,1.3733,2.0809,3,33
2025,4,Bahrain Grand Prix,VER,Red Bull Racing,0.9116,2.1377,2,24
2025,4,Bahrain Grand Prix,VES,Mercedes,2.2757,0.0418,1,16
2025,5,Saudi Arabian Grand Prix,ALB,Williams,0.4113,4.4066,3,27
2025,5,Saudi Arabian Grand Prix,ALO,Aston Martin,0.8259,1.0304,3,26
2025,5,Saudi Arabian Grand Prix,ANT,Mercedes,0.7788,3.5216,3,24
2025,5,Saudi Arabian Grand Prix,BEA,Haas F1 Team,1.5195,,3,20
2025,5,Saudi Arabian Grand Prix,BOR,Kick Sauber,2.0159,5.0000,2,25
2025,5,Saudi Arabian Grand Prix,DOO,Alpine,1.0578,,3,29
2025,5,Saudi Arabian Grand Prix,GAS,Alpine,0.0000,3.9603,3,27
2025,5,Saudi Arabian Grand Prix,HAD,Racing Bulls,0.8651,5.0000,3,21
2025,5,Saudi Arabian Grand Prix,HAM,Ferrari,0.6455,0.0000,3,30
2025,5,Saudi Arabian Grand Prix,HUL,Kick Sauber,0.7586,,3,24
2025,5,Saudi Arabian Grand Prix,LAW,Racing Bulls,0.7486,2.1137,3,25
2025,5,Saudi Arabian Grand Prix,LEC,Ferrari,0.0784,2.9786,3,34
2025,5,Saudi Arabian Grand Prix,NOR,McLaren,0.0000,0.2000,3,30
2025,5,Saudi Arabian Grand Prix,OCO,Haas F1 Team,1.9849,5.0000,3,29
2025,5,Saudi Arabian Grand Prix,PIA,McLaren,0.0000,2.9622,3,32
2025,5,Saudi Arabian Grand Prix,RUS,Mercedes,0.4247,,3,19
2025,5,Saudi Arabian Grand Prix,SAI,Williams,0.6051,,3,30
2025,5,Saudi Arabian Grand Prix,STR,Aston Martin,1.5061,0.5671,3,24
2025,5,Saudi Arabian Grand Prix,TSU,Red Bull Racing,0.6522,4.0930,3,28
2025,5,Saudi Arabian Grand Prix,VER,Red Bull Racing,0.3172,3.9193,3,33
2025,7,Emilia Romagna Grand Prix,ALB,Williams,0.4925,4.9897,3,44
2025,7,Emilia Romagna Grand Prix,ALO,Aston Martin,0.7525,2.1149,3,35
2025,7,Emilia Romagna Grand Prix,ANT,Mercedes,0.6703,3.9969,3,30
2025,7,Emilia Romagna Grand Prix,BEA,Haas F1 Team,0.9510,5.0000,3,26
2025,7,Emilia Romagna Grand Prix,BOR,Kick Sauber,0.4964,4.0227,3,35
2025,7,Emilia Romagna Grand Prix,COL,Alpine,0.9974,5.0000,3,27
2025,7,Emilia Romagna Grand Prix,GAS,Alpine,0.1973,5.0000,3,28
2025,7,Emilia Romagna Grand Prix,HAD,Racing Bulls,0.6627,4.7815,3,29
2025,7,Emilia Romagna Grand Prix,HAM,Ferrari,0.1254,2.4594,3,36
2025,7,Emilia Romagna Grand Prix,HUL,Kick Sauber,0.5918,5.0000,3,33
2025,7,Emilia Romagna Grand Prix,LAW,Racing Bulls,0.9681,,3,27
2025,7,Emilia Romagna Grand Prix,LEC,Ferrari,0.6309,2.1109,3,44
2025,7,Emilia Romagna Grand Prix,NOR,McLaren,0.0000,2.3517,3,38
2025,7,Emilia Romagna Grand Prix,OCO,Haas F1 Team,1.4593,,3,24
2025,7,Emilia Romagna Grand Prix,PIA,McLaren,0.0000,1.3970,3,45
2025,7,Emilia Romagna Grand Prix,RUS,Mercedes,0.0705,4.1051,3,36
2025,7,Emilia Romagna Grand Prix,SAI,Williams,0.0679,2.2535,3,35
2025,7,Emilia Romagna Grand Prix,STR,Aston Martin,0.6362,2.1784,3,40
2025,7,Emilia Romagna Grand Prix,TSU,Red Bull Racing,0.7092,5.0000,3,31
2025,7,Emilia Romagna Grand Prix,VER,Red Bull Racing,0.2417,4.7722,3,30
2025,8,Monaco Grand Prix,ALB,Williams,0.4864,3.8272,3,60
2025,8,Monaco Grand Prix,ALO,Aston Martin,0.7498,3.9765,3,47
2025,8,Monaco Grand Prix,ANT,Mercedes,0.9067,1.1437,3,52
2025,8,Monaco Grand Prix,BEA,Haas F1 Team,1.2669,2.7203,3,52
2025,8,Monaco Grand Prix,BOR,Kick Sauber,1.2319,5.0000,3,58
2025,8,Monaco Grand Prix,COL,Alpine,2.5791,3.1182,3,63
2025,8,Monaco Grand Prix,GAS,Alpine,0.9797,3.0971,3,60
2025,8,Monaco Grand Prix,HAD,Racing Bulls,0.6825,2.2545,3,56
2025,8,Monaco Grand Prix,HAM,Ferrari,0.1472,3.3333,3,53
2025,8,Monaco Grand Prix,HUL,Kick Sauber,1.2711,3.6683,3,59
2025,8,Monaco Grand Prix,LAW,Racing Bulls,0.6559,2.9694,3,65
2025,8,Monaco Grand Prix,LEC,Ferrari,0.0000,4.0134,3,55
2025,8,Monaco Grand Prix,NOR,McLaren,0.4144,0.0370,3,53
2025,8,Monaco Grand Prix,OCO,Haas F1 Team,1.6621,1.4940,3,62
2025,8,Monaco Grand Prix,PIA,McLaren,0.0533,0.2331,3,46
2025,8,Monaco Grand Prix,RUS,Mercedes,0.7198,3.7982,3,48
2025,8,Monaco Grand Prix,SAI,Williams,0.7921,1.8813,3,57
2025,8,Monaco Grand Prix,STR,Aston Martin,1.6215,0.1768,3,37
2025,8,Monaco Grand Prix,TSU,Red Bull Racing,1.0048,3.6833,3,54
2025,8,Monaco Grand Prix,VER,Red Bull Racing,0.2265,3.8762,3,50
2025,9,Spanish Grand Prix,ALB,Williams,1.4830,1.3122,1,21
2025,9,Spanish Grand Prix,ALO,Aston Martin,0.7435,1.7363,3,36
2025,9,Spanish Grand Prix,ANT,Mercedes,0.7394,1.0563,3,43
2025,9,Spanish Grand Prix,BEA,Haas F1 Team,1.1924,3.6075,3,32
2025,9,Spanish Grand Prix,BOR,Kick Sauber,1.6479,3.1849,3,28
2025,9,Spanish Grand Prix,COL,Alpine,2.1207,,3,34
2025,9,Spanish Grand Prix,GAS,Alpine,0.8590,2.6916,3,39
2025,9,Spanish Grand Prix,HAD,Racing Bulls,0.8796,1.2785,3,32
2025,9,Spanish Grand Prix,HAM,Ferrari,0.5128,3.6019,3,37
2025,9,Spanish Grand Prix,HIR,Haas F1 Team,2.1433,,1,11
2025,9,Spanish Grand Prix,HUL,Kick Sauber,1.1435,2.1173,3,38
2025,9,Spanish Grand Prix,LAW,Racing Bulls,0.8424,2.1340,3,40
2025,9,Spanish Grand Prix,LEC,Ferrari,0.6872,1.3321,3,42
2025,9,Spanish Grand Prix,MAR,Williams,2.4472,5.0000,1,15
2025,9,Spanish Grand Prix,NOR,McLaren,0.0000,1.6677,3,42
2025,9,Spanish Grand Prix,OCO,Haas F1 Team,1.7111,4.0559,2,22
2025,9,Spanish Grand Prix,PIA,McLaren,0.0000,1.4337,3,39
2025,9,Spanish Grand Prix,RUS,Mercedes,0.3931,0.5304,3,54
2025,9,Spanish Grand Prix,SAI,Williams,1.3208,0.4760,3,41
2025,9,Spanish Grand Prix,STR,Aston Martin,1.4488,0.0000,3,28
2025,9,Spanish Grand Prix,TSU,Red Bull Racing,1.2548,1.3381,3,43
2025,9,Spanish Grand Prix,VER,Red Bull Racing,0.4261,0.0000,3,36
2025,10,Canadian Grand Prix,ALB,Williams,0.0533,4.2278,3,63
2025,10,Canadian Grand Prix,ALO,Aston Martin,0.4645,3.3333,3,47
2025,10,Canadian Grand Prix,ANT,Mercedes,0.3993,4.1184,3,53
2025,10,Canadian Grand Prix,BEA,Haas F1 Team,1.3269,1.5634,3,64
2025,10,Canadian Grand Prix,BOR,Kick Sauber,1.0718,3.4072,3,55
2025,10,Canadian Grand Prix,COL,Alpine,1.7563,4.4087,3,60
2025,10,Canadian Grand Prix,GAS,Alpine,0.8525,4.3113,3,64
2025,10,Canadian Grand Prix,HAD,Racing Bulls,0.5984,4.4323,3,50
2025,10,Canadian Grand Prix,HAM,Ferrari,0.3496,4.2479,3,55
2025,10,Canadian Grand Prix,HUL,Kick Sauber,1.0967,2.5148,3,50
2025,10,Canadian Grand Prix,LAW,Racing Bulls,0.7432,2.8855,3,55
2025,10,Canadian Grand Prix,LEC,Ferrari,0.1086,2.6757,2,28
2025,10,Canadian Grand Prix,NOR,McLaren,0.0000,4.1092,3,55
2025,10,Canadian Grand Prix,OCO,Haas F1 Team,1.4318,0.2686,3,47
2025,10,Canadian Grand Prix,PIA,McLaren,0.6087,3.4408,3,45
2025,10,Canadian Grand Prix,RUS,Mercedes,0.0000,3.1908,3,50
2025,10,Canadian Grand Prix,SAI,Williams,0.1120,4.3748,3,66
2025,10,Canadian Grand Prix,STR,Aston Martin,1.3799,2.6320,2,34
2025,10,Canadian Grand Prix,TSU,Red Bull Racing,1.0028,4.7314,3,51
2025,10,Canadian Grand Prix,VER,Red Bull Racing,0.0000,1.6307,3,54
2025,11,Austrian Grand Prix,ALB,Williams,0.6164,1.6962,3,62
2025,11,Austrian Grand Prix,ALO,Aston Martin,0.9582,2.8075,3,57
2025,11,Austrian Grand Prix,ANT,Mercedes,0.8971,1.6454,3,46
2025,11,Austrian Grand Prix,BEA,Haas F1 Team,1.8248,0.9287,3,47
2025,11,Austrian Grand Prix,BEG,Ferrari,1.2618,0.0000,1,25
2025,11,Austrian Grand Prix,BOR,Kick Sauber,0.5065,2.4610,3,44
2025,11,Austrian Grand Prix,COL,Alpine,1.0741,2.8270,3,59
2025,11,Austrian Grand Prix,DUN,McLaren,0.3418,,1,13
2025,11,Austrian Grand Prix,GAS,Alpine,0.3631,1.9690,3,65
2025,11,Austrian Grand Prix,HAD,Racing Bulls,0.8666,4.4401,3,56
2025,11,Austrian Grand Prix,HAM,Ferrari,0.7245,2.5014,3,45
2025,11,Austrian Grand Prix,HUL,Kick Sauber,0.9124,0.4727,3,49
2025,11,Austrian Grand Prix,LAW,Racing Bulls,0.9872,1.9480,3,53
2025,11,Austrian Grand Prix,LEC,Ferrari,0.3887,0.4260,2,30
2025,11,Austrian Grand Prix,NOR,McLaren,0.0000,2.5000,2,38
2025,11,Austrian Grand Prix,OCO,Haas F1 Team,1.4769,0.5740,3,49
2025,11,Austrian Grand Prix,PIA,McLaren,0.1834,0.0014,3,55
2025,11,Austrian Grand Prix,RUS,Mercedes,0.0000,0.6303,3,49
2025,11,Austrian Grand Prix,SAI,Williams,0.7247,0.3334,3,51
2025,11,Austrian Grand Prix,STR,Aston Martin,0.6844,4.6122,3,55
2025,11,Austrian Grand Prix,TSU,Red Bull Racing,1.0985,2.1924,3,45
2025,11,Austrian Grand Prix,VER,Red Bull Racing,0.0992,0.0000,3,53
2025,12,British Grand Prix,ALB,Williams,0.4742,4.0891,3,44
2025,12,British Grand Prix,ALO,Aston Martin,0.9264,0.0289,3,35
2025,12,British Grand Prix,ANT,Mercedes,0.5467,5.0000,3,33
2025,12,British Grand Prix,ARO,Kick Sauber,1.4386,4.2298,1,17
2025,12,British Grand Prix,BEA,Haas F1 Team,0.7181,1.2409,3,30
2025,12,British Grand Prix,BOR,Kick Sauber,1.1731,5.0000,3,35
2025,12,British Grand Prix,COL,Alpine,1.3741,2.9828,3,37
2025,12,British Grand Prix,GAS,Alpine,1.5825,4.1581,3,29
2025,12,British Grand Prix,HAD,Racing Bulls,0.3740,5.0000,3,44
2025,12,British Grand Prix,HAM,Ferrari,0.0000,4.3986,3,37
2025,12,British Grand Prix,HUL,Kick Sauber,1.1708,4.5214,2,31
2025,12,British Grand Prix,LAW,Racing Bulls,0.5282,3.1902,3,42
2025,12,British Grand Prix,LEC,Ferrari,0.0000,2.3129,3,35
2025,12,British Grand Prix,LIN,Red Bull Racing,1.2268,2.3329,1,11
2025,12,British Grand Prix,NOR,McLaren,0.0000,2.1438,3,41
2025,12,British Grand Prix,OCO,Haas F1 Team,1.0281,4.5214,3,27
2025,12,British Grand Prix,PIA,McLaren,0.0795,4.5102,3,39
2025,12,British Grand Prix,RUS,Mercedes,0.3119,4.8442,3,35
2025,12,British Grand Prix,SAI,Williams,0.9755,2.8526,3,40
2025,12,British Grand Prix,STR,Aston Martin,0.7155,2.5000,3,32
2025,12,British Grand Prix,TSU,Red Bull Racing,0.7088,2.5000,2,20
2025,12,British Grand Prix,VER,Red Bull Racing,0.1018,4.6065,3,33
2025,13,Belgian Grand Prix,ALB,Williams,1.2144,1.9746,1,13
2025,13,Belgian Grand Prix,ALO,Aston Martin,1.0762,1.4443,1,12
2025,13,Belgian Grand Prix,ANT,Mercedes,0.9380,1.9258,1,15
2025,13,Belgian Grand Prix,BEA,Haas F1 Team,2.9945,0.2387,1,10
2025,13,Belgian Grand Prix,BOR,Kick Sauber,1.2154,1.8041,1,12
2025,13,Belgian Grand Prix,COL,Alpine,2.7690,,1,8
2025,13,Belgian Grand Prix,GAS,Alpine,1.8692,,1,8
2025,13,Belgian Grand Prix,HAD,Racing Bulls,1.0782,1.4263,1,9
2025,13,Belgian Grand Prix,HAM,Ferrari,1.0419,1.5120,1,13
2025,13,Belgian Grand Prix,HUL,Kick Sauber,1.4193,1.7549,1,9
2025,13,Belgian Grand Prix,LAW,Racing Bulls,1.4271,0.9546,1,11
2025,13,Belgian Grand Prix,LEC,Ferrari,0.8880,0.3864,1,12
2025,13,Belgian Grand Prix,NOR,McLaren,0.4940,0.3007,1,12
2025,13,Belgian Grand Prix,OCO,Haas F1 Team,2.2358,0.0000,1,10
2025,13,Belgian Grand Prix,PIA,McLaren,0.0000,0.7093,1,12
2025,13,Belgian Grand Prix,RUS,Mercedes,0.5646,1.6649,1,14
2025,13,Belgian Grand Prix,SAI,Williams,1.1713,,1,6
2025,13,Belgian Grand Prix,STR,Aston Martin,1.0684,0.0000,1,7
2025,13,Belgian Grand Prix,TSU,Red Bull Racing,2.4210,0.9246,1,10
2025,13,Belgian Grand Prix,VER,Red Bull Racing,0.3960,0.6599,1,10
2025,14,Hungarian Grand Prix,ALB,Williams,1.2002,4.5050,3,43
2025,14,Hungarian Grand Prix,ALO,Aston Martin,0.8053,0.0000,2,22
2025,14,Hungarian Grand Prix,ANT,Mercedes,1.0635,3.1580,3,32
2025,14,Hungarian Grand Prix,ARO,Kick Sauber,4.8862,2.8665,1,5
2025,14,Hungarian Grand Prix,BEA,Haas F1 Team,1.0609,1.1073,3,35
2025,14,Hungarian Grand Prix,BOR,Kick Sauber,1.4176,1.8678,3,38
2025,14,Hungarian Grand Prix,COL,Alpine,1.7767,3.1525,3,42
2025,14,Hungarian Grand Prix,DRU,Aston Martin,1.5748,0.0000,1,18
2025,14,Hungarian Grand Prix,GAS,Alpine,1.3829,2.1983,3,44
2025,14,Hungarian Grand Prix,HAD,Racing Bulls,0.8019,4.6628,3,46
2025,14,Hungarian Grand Prix,HAM,Ferrari,0.8716,1.9459,3,39
2025,14,Hungarian Grand Prix,HUL,Kick Sauber,1.3964,2.5000,2,28
2025,14,Hungarian Grand Prix,LAW,Racing Bulls,1.4631,5.0000,3,41
2025,14,Hungarian Grand Prix,LEC,Ferrari,0.2603,2.5000,3,37
2025,14,Hungarian Grand Prix,NOR,McLaren,0.0000,2.6328,3,39
2025,14,Hungarian Grand Prix,OCO,Haas F1 Team,1.2265,0.1334,3,43
2025,14,Hungarian Grand Prix,PIA,McLaren,0.0000,2.6334,3,38
2025,14,Hungarian Grand Prix,RUS,Mercedes,1.0486,3.2131,3,29
2025,14,Hungarian Grand Prix,SAI,Williams,1.4776,4.6647,3,55
2025,14,Hungarian Grand Prix,STR,Aston Martin,0.6546,0.5390,3,46
2025,14,Hungarian Grand Prix,TSU,Red Bull Racing,1.1385,4.8465,3,47
2025,14,Hungarian Grand Prix,VER,Red Bull Racing,1.1424,2.4220,3,45
2025,15,Dutch Grand Prix,ALB,Williams,1.2707,3.0117,3,39
2025,15,Dutch Grand Prix,ALO,Aston Martin,0.1245,0.6943,3,39
2025,15,Dutch Grand Prix,ANT,Mercedes,1.8529,4.1168,3,27
2025,15,Dutch Grand Prix,BEA,Haas F1 Team,1.7499,1.0512,3,44
2025,15,Dutch Grand Prix,BOR,Kick Sauber,1.7516,2.3618,3,39
2025,15,Dutch Grand Prix,COL,Alpine,1.5267,1.0099,3,42
2025,15,Dutch Grand Prix,GAS,Alpine,1.8996,3.1577,3,52
2025,15,Dutch Grand Prix,HAD,Racing Bulls,1.7311,0.1995,2,28
2025,15,Dutch Grand Prix,HAM,Ferrari,1.2133,0.0133,3,37
2025,15,Dutch Grand Prix,HUL,Kick Sauber,1.7027,2.1203,3,47
2025,15,Dutch Grand Prix,LAW,Racing Bulls,1.9254,2.5578,3,39
2025,15,Dutch Grand Prix,LEC,Ferrari,1.3507,3.6469,3,45
2025,15,Dutch Grand Prix,NOR,McLaren,0.0000,0.0000,3,41
2025,15,Dutch Grand Prix,OCO,Haas F1 Team,2.1047,1.0232,3,37
2025,15,Dutch Grand Prix,PIA,McLaren,0.1273,0.8390,3,40
2025,15,Dutch Grand Prix,RUS,Mercedes,0.5494,0.4571,3,41
2025,15,Dutch Grand Prix,SAI,Williams,1.3643,1.9392,3,54
2025,15,Dutch Grand Prix,STR,Aston Martin,0.7129,2.5000,3,32
2025,15,Dutch Grand Prix,TSU,Red Bull Racing,1.2949,2.4229,3,45
2025,15,Dutch Grand Prix,VER,Red Bull Racing,0.8413,0.8010,3,35
2025,16,Italian Grand Prix,ALB,Williams,0.3768,1.7031,3,42
2025,16,Italian Grand Prix,ALO,Aston Martin,0.6681,4.7326,3,34
2025,16,Italian Grand Prix,ANT,Mercedes,0.4601,0.0000,3,25
2025,16,Italian Grand Prix,ARO,Alpine,2.5413,0.0000,1,13
2025,16,Italian Grand Prix,BEA,Haas F1 Team,0.9126,3.0015,3,42
2025,16,Italian Grand Prix,BOR,Kick Sauber,0.2861,4.0226,3,25
2025,16,Italian Grand Prix,COL,Alpine,0.8862,4.4510,2,32
2025,16,Italian Grand Prix,DUN,McLaren,1.8585,0.8135,1,17
2025,16,Italian Grand Prix,GAS,Alpine,1.1547,1.8298,3,45
2025,16,Italian Grand Prix,HAD,Racing Bulls,0.3429,4.1841,3,34
2025,16,Italian Grand Prix,HAM,Ferrari,0.0000,0.3867,3,32
2025,16,Italian Grand Prix,HUL,Kick Sauber,0.4544,2.6871,3,32
2025,16,Italian Grand Prix,LAW,Racing Bulls,1.0097,3.7849,3,32
2025,16,Italian Grand Prix,LEC,Ferrari,0.0265,5.0000,3,45
2025,16,Italian Grand Prix,NOR,McLaren,0.0000,2.5647,3,48
2025,16,Italian Grand Prix,OCO,Haas F1 Team,0.9715,2.6294,3,38
2025,16,Italian Grand Prix,PIA,McLaren,0.2080,4.0018,2,32
2025,16,Italian Grand Prix,RUS,Mercedes,0.2319,2.5000,3,31
2025,16,Italian Grand Prix,SAI,Williams,0.1202,4.3721,3,42
2025,16,Italian Grand Prix,STR,Aston Martin,0.8137,1.8246,3,46
2025,16,Italian Grand Prix,TSU,Red Bull Racing,0.4895,2.7741,3,42
2025,16,Italian Grand Prix,VER,Red Bull Racing,0.2105,1.3170,3,33
2025,17,Azerbaijan Grand Prix,ALB,Williams,1.0800,,3,17
2025,17,Azerbaijan Grand Prix,ALO,Aston Martin,1.1297,,3,16
2025,17,Azerbaijan Grand Prix,ANT,Mercedes,0.4574,,3,12
2025,17,Azerbaijan Grand Prix,BEA,Haas F1 Team,0.5904,0.4538,3,18
2025,17,Azerbaijan Grand Prix,BOR,Kick Sauber,1.2518,,3,14
2025,17,Azerbaijan Grand Prix,COL,Alpine,1.3249,1.5509,3,13
2025,17,Azerbaijan Grand Prix,GAS,Alpine,1.3634,5.0000,3,20
2025,17,Azerbaijan Grand Prix,HAD,Racing Bulls,0.8103,5.0000,3,16
2025,17,Azerbaijan Grand Prix,HAM,Ferrari,0.0000,,3,12
2025,17,Azerbaijan Grand Prix,HUL,Kick Sauber,1.2482,0.7703,3,18
2025,17,Azerbaijan Grand Prix,LAW,Racing Bulls,0.6910,0.5354,3,15
2025,17,Azerbaijan Grand Prix,LEC,Ferrari,0.0731,,3,15
2025,17,Azerbaijan Grand Prix,NOR,McLaren,0.0000,2.2592,2,9
2025,17,Azerbaijan Grand Prix,OCO,Haas F1 Team,0.8628,0.0000,3,15
2025,17,Azerbaijan Grand Prix,PIA,McLaren,0.0917,1.8764,3,16
2025,17,Azerbaijan Grand Prix,RUS,Mercedes,0.5384,,3,12
2025,17,Azerbaijan Grand Prix,SAI,Williams,0.9497,0.0000,3,17
2025,17,Azerbaijan Grand Prix,STR,Aston Martin,1.4591,,3,16
2025,17,Azerbaijan Grand Prix,TSU,Red Bull Racing,1.1363,,3,12
2025,17,Azerbaijan Grand Prix,VER,Red Bull Racing,0.0000,0.0000,3,14
2025,18,Singapore Grand Prix,ALB,Williams,0.5768,,2,15
2025,18,Singapore Grand Prix,ALO,Aston Martin,0.0000,5.0000,3,30
2025,18,Singapore Grand Prix,ANT,Mercedes,0.0987,,3,23
2025,18,Singapore Grand Prix,BEA,Haas F1 Team,1.0572,5.0000,3,30
2025,18,Singapore Grand Prix,BOR,Kick Sauber,0.6090,0.6262,3,32
2025,18,Singapore Grand Prix,COL,Alpine,2.4233,2.4882,3,27
2025,18,Singapore Grand Prix,GAS,Alpine,1.3850,,3,25
2025,18,Singapore Grand Prix,HAD,Racing Bulls,0.1455,2.2999,3,31
2025,18,Singapore Grand Prix,HAM,Ferrari,0.3995,1.0287,3,24
2025,18,Singapore Grand Prix,HUL,Kick Sauber,0.5458,0.3806,3,39
2025,18,Singapore Grand Prix,LAW,Racing Bulls,1.4761,4.5638,3,23
2025,18,Singapore Grand Prix,LEC,Ferrari,0.1646,0.0000,3,27
2025,18,Singapore Grand Prix,NOR,McLaren,0.4759,0.0000,3,27
2025,18,Singapore Grand Prix,OCO,Haas F1 Team,0.6438,3.0644,3,26
2025,18,Singapore Grand Prix,PIA,McLaren,0.0000,1.6414,3,30
2025,18,Singapore Grand Prix,RUS,Mercedes,0.0544,,3,16
2025,18,Singapore Grand Prix,SAI,Williams,0.2707,2.8421,3,36
2025,18,Singapore Grand Prix,STR,Aston Martin,0.5600,0.8753,3,26
2025,18,Singapore Grand Prix,TSU,Red Bull Racing,0.8165,3.4067,3,27
2025,18,Singapore Grand Prix,VER,Red Bull Racing,0.0000,2.8069,3,24
2025,19,United States Grand Prix,ALB,Williams,0.6710,2.1841,1,17
2025,19,United States Grand Prix,ALO,Aston Martin,0.3698,2.5976,1,13
2025,19,United States Grand Prix,ANT,Mercedes,1.5467,3.0287,1,15
2025,19,United States Grand Prix,BEA,Haas F1 Team,1.1137,2.6442,1,14
2025,19,United States Grand Prix,BOR,Kick Sauber,1.2691,1.4586,1,13
2025,19,United States Grand Prix,COL,Alpine,1.4567,2.6727,1,15
2025,19,United States Grand Prix,GAS,Alpine,1.4695,1.4794,1,13
2025,19,United States Grand Prix,HAD,Racing Bulls,0.9229,1.1187,1,14
2025,19,United States Grand Prix,HAM,Ferrari,0.7192,0.0000,1,16
2025,19,United States Grand Prix,HUL,Kick Sauber,0.2733,2.5945,1,15
2025,19,United States Grand Prix,LAW,Racing Bulls,1.4202,3.4945,1,14
2025,19,United States Grand Prix,LEC,Ferrari,2.9863,1.5644,1,9
2025,19,United States Grand Prix,NOR,McLaren,0.0000,1.0011,1,14
2025,19,United States Grand Prix,OCO,Haas F1 Team,1.1512,,1,13
2025,19,United States Grand Prix,PIA,McLaren,0.2991,1.7830,1,17
2025,19,United States Grand Prix,RUS,Mercedes,0.6828,1.5177,1,15
2025,19,United States Grand Prix,SAI,Williams,2.7655,,1,4
2025,19,United States Grand Prix,STR,Aston Martin,1.4106,2.8510,1,12
2025,19,United States Grand Prix,TSU,Red Bull Racing,1.3259,3.7168,1,12
2025,19,United States Grand Prix,VER,Red Bull Racing,0.3794,3.1888,1,15
